State,Gender,Less than 5 minutes,5 to 9 minutes,10 to 14 minutes,15 to 19 minutes,20 to 24 minutes,25 to 29 minutes,30 to 34 minutes,35 to 39 minutes,40 to 44 minutes,45 to 59 minutes,60 to 89 minutes,90 or more minutes,Year
Alabama,Male,27751.0,91597.0,132328.0,174827.0,156524.0,62730.0,162243.0,26978.0,31420.0,83289.0,48536.0,22582.0,2013
Alaska,Male,14517.0,33102.0,40028.0,33806.0,25614.0,6708.0,14044.0,2310.0,3128.0,6746.0,4907.0,6210.0,2013
Arizona,Male,39885.0,119211.0,179520.0,204789.0,217171.0,103845.0,228777.0,43519.0,55354.0,114948.0,67367.0,30180.0,2013
Arkansas,Male,31755.0,78602.0,110597.0,109502.0,91573.0,30913.0,70575.0,14136.0,17206.0,40637.0,21284.0,14264.0,2013
California,Male,166332.0,621282.0,1084839.0,1278146.0,1275253.0,509769.0,1353066.0,238753.0,369212.0,768932.0,713592.0,346968.0,2013
Colorado,Male,40972.0,121251.0,179094.0,201949.0,200338.0,86075.0,178648.0,40272.0,53429.0,107536.0,68163.0,31614.0,2013
Connecticut,Male,25668.0,72109.0,126622.0,132096.0,129975.0,52973.0,110527.0,26259.0,34860.0,65184.0,57504.0,29638.0,2013
Delaware,Male,5061.0,16723.0,30912.0,32273.0,32222.0,13599.0,29945.0,4979.0,6226.0,16112.0,13836.0,6872.0,2013
District of Columbia,Male,3339.0,6308.0,10698.0,21071.0,23831.0,11841.0,30834.0,7922.0,8825.0,16726.0,9149.0,4695.0,2013
Florida,Male,86474.0,288920.0,500284.0,614846.0,660592.0,275616.0,710054.0,130485.0,175438.0,369690.0,233891.0,94044.0,2013
Georgia,Male,52848.0,167417.0,252908.0,317736.0,325039.0,126001.0,319171.0,69505.0,78379.0,216466.0,157696.0,62283.0,2013
Hawaii,Male,9246.0,35472.0,43516.0,49188.0,48830.0,20213.0,62128.0,7236.0,11416.0,32840.0,23264.0,8326.0,2013
Idaho,Male,20775.0,54974.0,62071.0,62493.0,53630.0,18329.0,39293.0,8771.0,9019.0,15576.0,13640.0,7808.0,2013
Illinois,Male,86736.0,250703.0,347505.0,383471.0,372994.0,174540.0,423127.0,109221.0,154878.0,333478.0,270926.0,92160.0,2013
Indiana,Male,63151.0,171089.0,204220.0,237014.0,229126.0,106208.0,184050.0,50491.0,57034.0,113151.0,69765.0,32637.0,2013
Iowa,Male,52192.0,130485.0,143042.0,127715.0,103064.0,45631.0,73987.0,16762.0,16030.0,34558.0,19753.0,12936.0,2013
Kansas,Male,46042.0,112448.0,121613.0,129352.0,104611.0,42491.0,77755.0,14704.0,14841.0,30412.0,14384.0,11149.0,2013
Kentucky,Male,39961.0,106433.0,140865.0,156160.0,146832.0,63298.0,121814.0,26643.0,26035.0,62257.0,40175.0,23662.0,2013
Louisiana,Male,30902.0,104541.0,147335.0,159189.0,148392.0,57388.0,137822.0,22791.0,28211.0,80016.0,63202.0,47122.0,2013
Maine,Male,17824.0,33002.0,44118.0,42603.0,41922.0,17244.0,32009.0,8847.0,10065.0,24512.0,16412.0,10131.0,2013
Maryland,Male,23070.0,79394.0,126106.0,173913.0,169858.0,89637.0,215869.0,55054.0,79560.0,186474.0,170135.0,68998.0,2013
Massachusetts,Male,42627.0,125628.0,180633.0,202407.0,207095.0,101655.0,233133.0,57541.0,84104.0,176502.0,157786.0,52774.0,2013
Michigan,Male,72304.0,217533.0,289628.0,330597.0,317843.0,148851.0,272951.0,74983.0,83593.0,171872.0,101810.0,50324.0,2013
Minnesota,Male,57518.0,160830.0,193793.0,208777.0,198691.0,96966.0,178489.0,44740.0,49697.0,96770.0,57550.0,27778.0,2013
Mississippi,Male,24241.0,67417.0,89779.0,86682.0,86326.0,31129.0,82631.0,13790.0,14621.0,45373.0,28524.0,20328.0,2013
Missouri,Male,51327.0,149927.0,196320.0,209352.0,194043.0,96840.0,197154.0,47178.0,50938.0,100740.0,52770.0,30522.0,2013
Montana,Male,18674.0,43192.0,49122.0,41815.0,24492.0,8912.0,19320.0,2441.0,3575.0,8137.0,7076.0,5565.0,2013
Nebraska,Male,31808.0,79754.0,89231.0,86282.0,70663.0,26717.0,48174.0,7947.0,9937.0,17071.0,9521.0,5494.0,2013
Nevada,Male,14804.0,51313.0,80833.0,112282.0,125143.0,54538.0,106362.0,15323.0,19306.0,31117.0,21037.0,18989.0,2013
New Hampshire,Male,12441.0,32446.0,41979.0,42549.0,43543.0,20639.0,42605.0,9740.0,16182.0,33281.0,24441.0,14980.0,2013
New Jersey,Male,42245.0,142468.0,227424.0,255606.0,261481.0,125353.0,281360.0,67640.0,105644.0,230215.0,254831.0,118424.0,2013
New Mexico,Male,17821.0,57697.0,72846.0,77609.0,67126.0,22824.0,55159.0,8112.0,12217.0,23853.0,18181.0,10827.0,2013
New York,Male,121841.0,322228.0,462782.0,510630.0,551022.0,234293.0,635208.0,131416.0,232216.0,495493.0,548101.0,246031.0,2013
North Carolina,Male,67551.0,198252.0,321312.0,364050.0,335511.0,146752.0,288437.0,66084.0,70886.0,156710.0,95131.0,57619.0,2013
North Dakota,Male,18497.0,38083.0,46800.0,36251.0,21906.0,5279.0,12876.0,1859.0,2065.0,5635.0,7906.0,7259.0,2013
Ohio,Male,90507.0,262695.0,354835.0,415757.0,427742.0,197813.0,343107.0,87032.0,96577.0,176017.0,108870.0,52179.0,2013
Oklahoma,Male,37061.0,116369.0,143028.0,151941.0,146671.0,53108.0,114191.0,17474.0,20904.0,44609.0,30674.0,22901.0,2013
Oregon,Male,38050.0,98972.0,128397.0,144419.0,126012.0,51803.0,107755.0,21892.0,27208.0,56267.0,43088.0,18299.0,2013
Pennsylvania,Male,103439.0,280376.0,379172.0,400677.0,412229.0,185612.0,384317.0,95834.0,123321.0,266053.0,202249.0,97729.0,2013
Rhode Island,Male,7072.0,23768.0,35271.0,44351.0,38110.0,17599.0,31659.0,7553.0,9082.0,19090.0,14354.0,7000.0,2013
South Carolina,Male,37773.0,97737.0,144021.0,167078.0,160171.0,68441.0,157001.0,32871.0,30841.0,66427.0,43412.0,26368.0,2013
South Dakota,Male,18822.0,42519.0,42032.0,37823.0,28391.0,7203.0,13717.0,2597.0,3141.0,4975.0,5676.0,3715.0,2013
Tennessee,Male,39594.0,126891.0,194614.0,228560.0,229455.0,98659.0,218142.0,43266.0,47182.0,117877.0,68711.0,31981.0,2013
Texas,Male,174162.0,555986.0,822099.0,961834.0,884741.0,377452.0,991198.0,166329.0,233528.0,547523.0,413452.0,172857.0,2013
Utah,Male,24871.0,85744.0,104342.0,124021.0,118554.0,45375.0,89677.0,14628.0,18992.0,41325.0,24217.0,13230.0,2013
Vermont,Male,7623.0,18909.0,22402.0,26442.0,17351.0,8667.0,16894.0,5073.0,4792.0,11705.0,5893.0,3312.0,2013
Virginia,Male,42839.0,150177.0,240209.0,290700.0,286945.0,138301.0,292387.0,64987.0,88148.0,198864.0,162302.0,74678.0,2013
Washington,Male,50442.0,136589.0,209992.0,254583.0,240803.0,102264.0,225464.0,52844.0,71328.0,142165.0,105276.0,52670.0,2013
West Virginia,Male,14560.0,36570.0,50272.0,55627.0,58832.0,19994.0,45044.0,10339.0,12969.0,33187.0,30170.0,19193.0,2013
Wisconsin,Male,66811.0,181314.0,219426.0,226401.0,200574.0,94509.0,156418.0,41050.0,46359.0,85925.0,52846.0,29029.0,2013
Wyoming,Male,13748.0,31639.0,34832.0,24729.0,13429.0,3575.0,10186.0,1914.0,2813.0,5406.0,5626.0,6337.0,2013
Puerto Rico,Male,11168.0,34953.0,58619.0,75949.0,71975.0,22908.0,88764.0,12865.0,26145.0,46323.0,55553.0,24231.0,2013
Alabama,Female,25395.0,97452.0,144492.0,163422.0,144305.0,59863.0,130688.0,25459.0,24338.0,58527.0,26370.0,12439.0,2013
Alaska,Female,12022.0,23246.0,33241.0,30824.0,21798.0,7852.0,8871.0,1451.0,1929.0,4986.0,3627.0,1438.0,2013
Arizona,Female,36264.0,131387.0,181527.0,191053.0,185960.0,85185.0,160863.0,28792.0,50635.0,89681.0,43080.0,15111.0,2013
Arkansas,Female,22799.0,82002.0,96429.0,105067.0,77964.0,31842.0,69755.0,13047.0,12039.0,27272.0,14831.0,4534.0,2013
California,Female,147211.0,669343.0,1013261.0,1157365.0,1079875.0,424718.0,1012104.0,172834.0,276289.0,544085.0,454624.0,190157.0,2013
Colorado,Female,34473.0,126726.0,162207.0,184556.0,173073.0,71810.0,143590.0,29422.0,37615.0,71990.0,39249.0,15512.0,2013
Connecticut,Female,21284.0,87742.0,127156.0,136577.0,135206.0,48621.0,97000.0,20479.0,26602.0,46480.0,32090.0,18375.0,2013
Delaware,Female,4894.0,18003.0,29692.0,35685.0,35021.0,14139.0,26360.0,5225.0,6560.0,11984.0,7811.0,3562.0,2013
District of Columbia,Female,1776.0,6869.0,11405.0,18661.0,25031.0,10975.0,34668.0,9035.0,9957.0,17513.0,11173.0,3311.0,2013
Florida,Female,79289.0,315474.0,501247.0,614247.0,647823.0,257037.0,604417.0,115785.0,146209.0,289089.0,160897.0,57234.0,2013
Georgia,Female,43681.0,175820.0,268898.0,320717.0,310695.0,111883.0,258672.0,55551.0,70972.0,171918.0,107056.0,41506.0,2013
Hawaii,Female,6485.0,25797.0,37791.0,42190.0,40755.0,13908.0,52045.0,6629.0,9921.0,29162.0,17799.0,8670.0,2013
Idaho,Female,16644.0,51780.0,57988.0,55232.0,39326.0,16493.0,25431.0,5833.0,4919.0,10891.0,5382.0,2229.0,2013
Illinois,Female,77696.0,289656.0,372693.0,379643.0,371513.0,160961.0,361791.0,84549.0,122881.0,247210.0,192726.0,61257.0,2013
Indiana,Female,49379.0,179784.0,223357.0,236353.0,209211.0,93995.0,157915.0,39015.0,41622.0,72378.0,39303.0,15715.0,2013
Iowa,Female,52195.0,132495.0,131857.0,122547.0,95397.0,43056.0,59185.0,13776.0,13386.0,24184.0,12665.0,6209.0,2013
Kansas,Female,37769.0,112193.0,115444.0,112464.0,83472.0,34339.0,58730.0,12267.0,10702.0,20325.0,10521.0,5579.0,2013
Kentucky,Female,29160.0,115803.0,143642.0,159040.0,135870.0,56552.0,95287.0,22566.0,18583.0,44683.0,21774.0,9820.0,2013
Louisiana,Female,32560.0,103691.0,158115.0,165239.0,140609.0,48604.0,122141.0,20205.0,22420.0,52960.0,30240.0,13369.0,2013
Maine,Female,16527.0,42265.0,50978.0,46049.0,42603.0,20213.0,31704.0,5605.0,8457.0,17567.0,8630.0,3940.0,2013
Maryland,Female,23194.0,95093.0,142742.0,180835.0,186516.0,83687.0,204371.0,46868.0,71363.0,158048.0,137425.0,53436.0,2013
Massachusetts,Female,38475.0,150194.0,215420.0,219667.0,214250.0,100016.0,213945.0,44872.0,67595.0,144004.0,111100.0,37399.0,2013
Michigan,Female,68888.0,244397.0,313925.0,336174.0,305892.0,143771.0,229539.0,61417.0,65231.0,121311.0,58886.0,28729.0,2013
Minnesota,Female,53744.0,172385.0,201419.0,202373.0,187915.0,92604.0,148107.0,34947.0,41684.0,79059.0,39197.0,13166.0,2013
Mississippi,Female,20105.0,77322.0,99988.0,97754.0,83400.0,35689.0,69891.0,14303.0,12676.0,33544.0,15724.0,7059.0,2013
Missouri,Female,53032.0,167392.0,196474.0,217322.0,202997.0,87977.0,163457.0,35336.0,38314.0,73350.0,30774.0,16065.0,2013
Montana,Female,15188.0,45052.0,47286.0,39669.0,26652.0,9297.0,15367.0,1553.0,3292.0,6049.0,3076.0,2007.0,2013
Nebraska,Female,27496.0,78564.0,83770.0,74744.0,69061.0,24078.0,39393.0,5907.0,5882.0,12202.0,6558.0,2409.0,2013
Nevada,Female,15699.0,50895.0,78326.0,103571.0,105072.0,43965.0,85626.0,11492.0,14889.0,20724.0,13293.0,7536.0,2013
New Hampshire,Female,13764.0,38436.0,47431.0,46012.0,39515.0,20873.0,36134.0,9493.0,13403.0,21545.0,13186.0,6280.0,2013
New Jersey,Female,45799.0,174578.0,250514.0,264826.0,255525.0,119283.0,250647.0,52669.0,87679.0,167945.0,149689.0,68078.0,2013
New Mexico,Female,20309.0,53249.0,75372.0,71290.0,51871.0,21322.0,41579.0,7095.0,7897.0,18651.0,10094.0,4541.0,2013
New York,Female,94955.0,338249.0,469640.0,534959.0,531233.0,227277.0,579227.0,125642.0,205552.0,426681.0,447555.0,191995.0,2013
North Carolina,Female,52944.0,212816.0,322909.0,370837.0,327919.0,137992.0,248339.0,54599.0,59428.0,113291.0,57385.0,25047.0,2013
North Dakota,Female,14322.0,35317.0,40758.0,29487.0,20093.0,5338.0,10151.0,1737.0,2193.0,3779.0,1983.0,1206.0,2013
Ohio,Female,84924.0,287564.0,394872.0,421903.0,406721.0,186677.0,297443.0,70577.0,77342.0,128479.0,62219.0,27065.0,2013
Oklahoma,Female,31339.0,119435.0,136560.0,134861.0,116332.0,42913.0,84428.0,14421.0,15074.0,29859.0,15402.0,6789.0,2013
Oregon,Female,28667.0,109188.0,133900.0,138460.0,113672.0,48318.0,79814.0,17578.0,24058.0,41876.0,27459.0,10232.0,2013
Pennsylvania,Female,90254.0,307241.0,413526.0,421362.0,405586.0,172141.0,335958.0,76729.0,105332.0,200045.0,130732.0,50086.0,2013
Rhode Island,Female,6609.0,25725.0,36050.0,43912.0,41643.0,16184.0,27600.0,7104.0,7874.0,11552.0,7333.0,3115.0,2013
South Carolina,Female,30894.0,102116.0,148953.0,176949.0,159257.0,60157.0,133799.0,26106.0,25306.0,57852.0,32500.0,10579.0,2013
South Dakota,Female,15326.0,42912.0,40169.0,37174.0,22891.0,7963.0,12730.0,2435.0,2583.0,4661.0,3988.0,1289.0,2013
Tennessee,Female,32967.0,133927.0,190123.0,230069.0,216848.0,87772.0,177255.0,34493.0,36716.0,90672.0,45511.0,15152.0,2013
Texas,Female,152581.0,572016.0,782074.0,879751.0,781034.0,302390.0,699833.0,130850.0,171263.0,381253.0,225086.0,68960.0,2013
Utah,Female,23955.0,81201.0,98767.0,97551.0,84997.0,33114.0,58140.0,9699.0,11906.0,19577.0,10712.0,5612.0,2013
Vermont,Female,7495.0,22019.0,22819.0,23587.0,20967.0,8016.0,15254.0,4583.0,5227.0,8670.0,3655.0,1751.0,2013
Virginia,Female,40922.0,165737.0,245532.0,299828.0,273510.0,122597.0,245070.0,56775.0,68670.0,147136.0,101725.0,38082.0,2013
Washington,Female,45444.0,150856.0,196159.0,225534.0,218964.0,90023.0,176220.0,37495.0,52268.0,103744.0,66191.0,26899.0,2013
West Virginia,Female,16910.0,42436.0,54753.0,55846.0,49764.0,21673.0,30739.0,8813.0,10643.0,18516.0,13464.0,5748.0,2013
Wisconsin,Female,57724.0,185117.0,231841.0,225577.0,202846.0,84694.0,128362.0,33503.0,38532.0,67117.0,33875.0,17549.0,2013
Wyoming,Female,13298.0,35393.0,32302.0,18548.0,8967.0,2901.0,6791.0,1163.0,1237.0,2163.0,2299.0,833.0,2013
Puerto Rico,Female,7106.0,33482.0,52663.0,72783.0,70854.0,22999.0,77794.0,10368.0,23233.0,37297.0,45465.0,20011.0,2013
Alabama,Male,27751.0,91597.0,132328.0,174827.0,156524.0,62730.0,162243.0,26978.0,31420.0,83289.0,48536.0,22582.0,2013
Alaska,Male,14517.0,33102.0,40028.0,33806.0,25614.0,6708.0,14044.0,2310.0,3128.0,6746.0,4907.0,6210.0,2013
Arizona,Male,39885.0,119211.0,179520.0,204789.0,217171.0,103845.0,228777.0,43519.0,55354.0,114948.0,67367.0,30180.0,2013
Arkansas,Male,31755.0,78602.0,110597.0,109502.0,91573.0,30913.0,70575.0,14136.0,17206.0,40637.0,21284.0,14264.0,2013
California,Male,166332.0,621282.0,1084839.0,1278146.0,1275253.0,509769.0,1353066.0,238753.0,369212.0,768932.0,713592.0,346968.0,2013
Colorado,Male,40972.0,121251.0,179094.0,201949.0,200338.0,86075.0,178648.0,40272.0,53429.0,107536.0,68163.0,31614.0,2013
Connecticut,Male,25668.0,72109.0,126622.0,132096.0,129975.0,52973.0,110527.0,26259.0,34860.0,65184.0,57504.0,29638.0,2013
Delaware,Male,5061.0,16723.0,30912.0,32273.0,32222.0,13599.0,29945.0,4979.0,6226.0,16112.0,13836.0,6872.0,2013
District of Columbia,Male,3339.0,6308.0,10698.0,21071.0,23831.0,11841.0,30834.0,7922.0,8825.0,16726.0,9149.0,4695.0,2013
Florida,Male,86474.0,288920.0,500284.0,614846.0,660592.0,275616.0,710054.0,130485.0,175438.0,369690.0,233891.0,94044.0,2013
Georgia,Male,52848.0,167417.0,252908.0,317736.0,325039.0,126001.0,319171.0,69505.0,78379.0,216466.0,157696.0,62283.0,2013
Hawaii,Male,9246.0,35472.0,43516.0,49188.0,48830.0,20213.0,62128.0,7236.0,11416.0,32840.0,23264.0,8326.0,2013
Idaho,Male,20775.0,54974.0,62071.0,62493.0,53630.0,18329.0,39293.0,8771.0,9019.0,15576.0,13640.0,7808.0,2013
Illinois,Male,86736.0,250703.0,347505.0,383471.0,372994.0,174540.0,423127.0,109221.0,154878.0,333478.0,270926.0,92160.0,2013
Indiana,Male,63151.0,171089.0,204220.0,237014.0,229126.0,106208.0,184050.0,50491.0,57034.0,113151.0,69765.0,32637.0,2013
Iowa,Male,52192.0,130485.0,143042.0,127715.0,103064.0,45631.0,73987.0,16762.0,16030.0,34558.0,19753.0,12936.0,2013
Kansas,Male,46042.0,112448.0,121613.0,129352.0,104611.0,42491.0,77755.0,14704.0,14841.0,30412.0,14384.0,11149.0,2013
Kentucky,Male,39961.0,106433.0,140865.0,156160.0,146832.0,63298.0,121814.0,26643.0,26035.0,62257.0,40175.0,23662.0,2013
Louisiana,Male,30902.0,104541.0,147335.0,159189.0,148392.0,57388.0,137822.0,22791.0,28211.0,80016.0,63202.0,47122.0,2013
Maine,Male,17824.0,33002.0,44118.0,42603.0,41922.0,17244.0,32009.0,8847.0,10065.0,24512.0,16412.0,10131.0,2013
Maryland,Male,23070.0,79394.0,126106.0,173913.0,169858.0,89637.0,215869.0,55054.0,79560.0,186474.0,170135.0,68998.0,2013
Massachusetts,Male,42627.0,125628.0,180633.0,202407.0,207095.0,101655.0,233133.0,57541.0,84104.0,176502.0,157786.0,52774.0,2013
Michigan,Male,72304.0,217533.0,289628.0,330597.0,317843.0,148851.0,272951.0,74983.0,83593.0,171872.0,101810.0,50324.0,2013
Minnesota,Male,57518.0,160830.0,193793.0,208777.0,198691.0,96966.0,178489.0,44740.0,49697.0,96770.0,57550.0,27778.0,2013
Mississippi,Male,24241.0,67417.0,89779.0,86682.0,86326.0,31129.0,82631.0,13790.0,14621.0,45373.0,28524.0,20328.0,2013
Missouri,Male,51327.0,149927.0,196320.0,209352.0,194043.0,96840.0,197154.0,47178.0,50938.0,100740.0,52770.0,30522.0,2013
Montana,Male,18674.0,43192.0,49122.0,41815.0,24492.0,8912.0,19320.0,2441.0,3575.0,8137.0,7076.0,5565.0,2013
Nebraska,Male,31808.0,79754.0,89231.0,86282.0,70663.0,26717.0,48174.0,7947.0,9937.0,17071.0,9521.0,5494.0,2013
Nevada,Male,14804.0,51313.0,80833.0,112282.0,125143.0,54538.0,106362.0,15323.0,19306.0,31117.0,21037.0,18989.0,2013
New Hampshire,Male,12441.0,32446.0,41979.0,42549.0,43543.0,20639.0,42605.0,9740.0,16182.0,33281.0,24441.0,14980.0,2013
New Jersey,Male,42245.0,142468.0,227424.0,255606.0,261481.0,125353.0,281360.0,67640.0,105644.0,230215.0,254831.0,118424.0,2013
New Mexico,Male,17821.0,57697.0,72846.0,77609.0,67126.0,22824.0,55159.0,8112.0,12217.0,23853.0,18181.0,10827.0,2013
New York,Male,121841.0,322228.0,462782.0,510630.0,551022.0,234293.0,635208.0,131416.0,232216.0,495493.0,548101.0,246031.0,2013
North Carolina,Male,67551.0,198252.0,321312.0,364050.0,335511.0,146752.0,288437.0,66084.0,70886.0,156710.0,95131.0,57619.0,2013
North Dakota,Male,18497.0,38083.0,46800.0,36251.0,21906.0,5279.0,12876.0,1859.0,2065.0,5635.0,7906.0,7259.0,2013
Ohio,Male,90507.0,262695.0,354835.0,415757.0,427742.0,197813.0,343107.0,87032.0,96577.0,176017.0,108870.0,52179.0,2013
Oklahoma,Male,37061.0,116369.0,143028.0,151941.0,146671.0,53108.0,114191.0,17474.0,20904.0,44609.0,30674.0,22901.0,2013
Oregon,Male,38050.0,98972.0,128397.0,144419.0,126012.0,51803.0,107755.0,21892.0,27208.0,56267.0,43088.0,18299.0,2013
Pennsylvania,Male,103439.0,280376.0,379172.0,400677.0,412229.0,185612.0,384317.0,95834.0,123321.0,266053.0,202249.0,97729.0,2013
Rhode Island,Male,7072.0,23768.0,35271.0,44351.0,38110.0,17599.0,31659.0,7553.0,9082.0,19090.0,14354.0,7000.0,2013
South Carolina,Male,37773.0,97737.0,144021.0,167078.0,160171.0,68441.0,157001.0,32871.0,30841.0,66427.0,43412.0,26368.0,2013
South Dakota,Male,18822.0,42519.0,42032.0,37823.0,28391.0,7203.0,13717.0,2597.0,3141.0,4975.0,5676.0,3715.0,2013
Tennessee,Male,39594.0,126891.0,194614.0,228560.0,229455.0,98659.0,218142.0,43266.0,47182.0,117877.0,68711.0,31981.0,2013
Texas,Male,174162.0,555986.0,822099.0,961834.0,884741.0,377452.0,991198.0,166329.0,233528.0,547523.0,413452.0,172857.0,2013
Utah,Male,24871.0,85744.0,104342.0,124021.0,118554.0,45375.0,89677.0,14628.0,18992.0,41325.0,24217.0,13230.0,2013
Vermont,Male,7623.0,18909.0,22402.0,26442.0,17351.0,8667.0,16894.0,5073.0,4792.0,11705.0,5893.0,3312.0,2013
Virginia,Male,42839.0,150177.0,240209.0,290700.0,286945.0,138301.0,292387.0,64987.0,88148.0,198864.0,162302.0,74678.0,2013
Washington,Male,50442.0,136589.0,209992.0,254583.0,240803.0,102264.0,225464.0,52844.0,71328.0,142165.0,105276.0,52670.0,2013
West Virginia,Male,14560.0,36570.0,50272.0,55627.0,58832.0,19994.0,45044.0,10339.0,12969.0,33187.0,30170.0,19193.0,2013
Wisconsin,Male,66811.0,181314.0,219426.0,226401.0,200574.0,94509.0,156418.0,41050.0,46359.0,85925.0,52846.0,29029.0,2013
Wyoming,Male,13748.0,31639.0,34832.0,24729.0,13429.0,3575.0,10186.0,1914.0,2813.0,5406.0,5626.0,6337.0,2013
Puerto Rico,Male,11168.0,34953.0,58619.0,75949.0,71975.0,22908.0,88764.0,12865.0,26145.0,46323.0,55553.0,24231.0,2013
Alabama,Female,25395.0,97452.0,144492.0,163422.0,144305.0,59863.0,130688.0,25459.0,24338.0,58527.0,26370.0,12439.0,2013
Alaska,Female,12022.0,23246.0,33241.0,30824.0,21798.0,7852.0,8871.0,1451.0,1929.0,4986.0,3627.0,1438.0,2013
Arizona,Female,36264.0,131387.0,181527.0,191053.0,185960.0,85185.0,160863.0,28792.0,50635.0,89681.0,43080.0,15111.0,2013
Arkansas,Female,22799.0,82002.0,96429.0,105067.0,77964.0,31842.0,69755.0,13047.0,12039.0,27272.0,14831.0,4534.0,2013
California,Female,147211.0,669343.0,1013261.0,1157365.0,1079875.0,424718.0,1012104.0,172834.0,276289.0,544085.0,454624.0,190157.0,2013
Colorado,Female,34473.0,126726.0,162207.0,184556.0,173073.0,71810.0,143590.0,29422.0,37615.0,71990.0,39249.0,15512.0,2013
Connecticut,Female,21284.0,87742.0,127156.0,136577.0,135206.0,48621.0,97000.0,20479.0,26602.0,46480.0,32090.0,18375.0,2013
Delaware,Female,4894.0,18003.0,29692.0,35685.0,35021.0,14139.0,26360.0,5225.0,6560.0,11984.0,7811.0,3562.0,2013
District of Columbia,Female,1776.0,6869.0,11405.0,18661.0,25031.0,10975.0,34668.0,9035.0,9957.0,17513.0,11173.0,3311.0,2013
Florida,Female,79289.0,315474.0,501247.0,614247.0,647823.0,257037.0,604417.0,115785.0,146209.0,289089.0,160897.0,57234.0,2013
Georgia,Female,43681.0,175820.0,268898.0,320717.0,310695.0,111883.0,258672.0,55551.0,70972.0,171918.0,107056.0,41506.0,2013
Hawaii,Female,6485.0,25797.0,37791.0,42190.0,40755.0,13908.0,52045.0,6629.0,9921.0,29162.0,17799.0,8670.0,2013
Idaho,Female,16644.0,51780.0,57988.0,55232.0,39326.0,16493.0,25431.0,5833.0,4919.0,10891.0,5382.0,2229.0,2013
Illinois,Female,77696.0,289656.0,372693.0,379643.0,371513.0,160961.0,361791.0,84549.0,122881.0,247210.0,192726.0,61257.0,2013
Indiana,Female,49379.0,179784.0,223357.0,236353.0,209211.0,93995.0,157915.0,39015.0,41622.0,72378.0,39303.0,15715.0,2013
Iowa,Female,52195.0,132495.0,131857.0,122547.0,95397.0,43056.0,59185.0,13776.0,13386.0,24184.0,12665.0,6209.0,2013
Kansas,Female,37769.0,112193.0,115444.0,112464.0,83472.0,34339.0,58730.0,12267.0,10702.0,20325.0,10521.0,5579.0,2013
Kentucky,Female,29160.0,115803.0,143642.0,159040.0,135870.0,56552.0,95287.0,22566.0,18583.0,44683.0,21774.0,9820.0,2013
Louisiana,Female,32560.0,103691.0,158115.0,165239.0,140609.0,48604.0,122141.0,20205.0,22420.0,52960.0,30240.0,13369.0,2013
Maine,Female,16527.0,42265.0,50978.0,46049.0,42603.0,20213.0,31704.0,5605.0,8457.0,17567.0,8630.0,3940.0,2013
Maryland,Female,23194.0,95093.0,142742.0,180835.0,186516.0,83687.0,204371.0,46868.0,71363.0,158048.0,137425.0,53436.0,2013
Massachusetts,Female,38475.0,150194.0,215420.0,219667.0,214250.0,100016.0,213945.0,44872.0,67595.0,144004.0,111100.0,37399.0,2013
Michigan,Female,68888.0,244397.0,313925.0,336174.0,305892.0,143771.0,229539.0,61417.0,65231.0,121311.0,58886.0,28729.0,2013
Minnesota,Female,53744.0,172385.0,201419.0,202373.0,187915.0,92604.0,148107.0,34947.0,41684.0,79059.0,39197.0,13166.0,2013
Mississippi,Female,20105.0,77322.0,99988.0,97754.0,83400.0,35689.0,69891.0,14303.0,12676.0,33544.0,15724.0,7059.0,2013
Missouri,Female,53032.0,167392.0,196474.0,217322.0,202997.0,87977.0,163457.0,35336.0,38314.0,73350.0,30774.0,16065.0,2013
Montana,Female,15188.0,45052.0,47286.0,39669.0,26652.0,9297.0,15367.0,1553.0,3292.0,6049.0,3076.0,2007.0,2013
Nebraska,Female,27496.0,78564.0,83770.0,74744.0,69061.0,24078.0,39393.0,5907.0,5882.0,12202.0,6558.0,2409.0,2013
Nevada,Female,15699.0,50895.0,78326.0,103571.0,105072.0,43965.0,85626.0,11492.0,14889.0,20724.0,13293.0,7536.0,2013
New Hampshire,Female,13764.0,38436.0,47431.0,46012.0,39515.0,20873.0,36134.0,9493.0,13403.0,21545.0,13186.0,6280.0,2013
New Jersey,Female,45799.0,174578.0,250514.0,264826.0,255525.0,119283.0,250647.0,52669.0,87679.0,167945.0,149689.0,68078.0,2013
New Mexico,Female,20309.0,53249.0,75372.0,71290.0,51871.0,21322.0,41579.0,7095.0,7897.0,18651.0,10094.0,4541.0,2013
New York,Female,94955.0,338249.0,469640.0,534959.0,531233.0,227277.0,579227.0,125642.0,205552.0,426681.0,447555.0,191995.0,2013
North Carolina,Female,52944.0,212816.0,322909.0,370837.0,327919.0,137992.0,248339.0,54599.0,59428.0,113291.0,57385.0,25047.0,2013
North Dakota,Female,14322.0,35317.0,40758.0,29487.0,20093.0,5338.0,10151.0,1737.0,2193.0,3779.0,1983.0,1206.0,2013
Ohio,Female,84924.0,287564.0,394872.0,421903.0,406721.0,186677.0,297443.0,70577.0,77342.0,128479.0,62219.0,27065.0,2013
Oklahoma,Female,31339.0,119435.0,136560.0,134861.0,116332.0,42913.0,84428.0,14421.0,15074.0,29859.0,15402.0,6789.0,2013
Oregon,Female,28667.0,109188.0,133900.0,138460.0,113672.0,48318.0,79814.0,17578.0,24058.0,41876.0,27459.0,10232.0,2013
Pennsylvania,Female,90254.0,307241.0,413526.0,421362.0,405586.0,172141.0,335958.0,76729.0,105332.0,200045.0,130732.0,50086.0,2013
Rhode Island,Female,6609.0,25725.0,36050.0,43912.0,41643.0,16184.0,27600.0,7104.0,7874.0,11552.0,7333.0,3115.0,2013
South Carolina,Female,30894.0,102116.0,148953.0,176949.0,159257.0,60157.0,133799.0,26106.0,25306.0,57852.0,32500.0,10579.0,2013
South Dakota,Female,15326.0,42912.0,40169.0,37174.0,22891.0,7963.0,12730.0,2435.0,2583.0,4661.0,3988.0,1289.0,2013
Tennessee,Female,32967.0,133927.0,190123.0,230069.0,216848.0,87772.0,177255.0,34493.0,36716.0,90672.0,45511.0,15152.0,2013
Texas,Female,152581.0,572016.0,782074.0,879751.0,781034.0,302390.0,699833.0,130850.0,171263.0,381253.0,225086.0,68960.0,2013
Utah,Female,23955.0,81201.0,98767.0,97551.0,84997.0,33114.0,58140.0,9699.0,11906.0,19577.0,10712.0,5612.0,2013
Vermont,Female,7495.0,22019.0,22819.0,23587.0,20967.0,8016.0,15254.0,4583.0,5227.0,8670.0,3655.0,1751.0,2013
Virginia,Female,40922.0,165737.0,245532.0,299828.0,273510.0,122597.0,245070.0,56775.0,68670.0,147136.0,101725.0,38082.0,2013
Washington,Female,45444.0,150856.0,196159.0,225534.0,218964.0,90023.0,176220.0,37495.0,52268.0,103744.0,66191.0,26899.0,2013
West Virginia,Female,16910.0,42436.0,54753.0,55846.0,49764.0,21673.0,30739.0,8813.0,10643.0,18516.0,13464.0,5748.0,2013
Wisconsin,Female,57724.0,185117.0,231841.0,225577.0,202846.0,84694.0,128362.0,33503.0,38532.0,67117.0,33875.0,17549.0,2013
Wyoming,Female,13298.0,35393.0,32302.0,18548.0,8967.0,2901.0,6791.0,1163.0,1237.0,2163.0,2299.0,833.0,2013
Puerto Rico,Female,7106.0,33482.0,52663.0,72783.0,70854.0,22999.0,77794.0,10368.0,23233.0,37297.0,45465.0,20011.0,2013
Alabama,Male,27751.0,91597.0,132328.0,174827.0,156524.0,62730.0,162243.0,26978.0,31420.0,83289.0,48536.0,22582.0,2013
Alaska,Male,14517.0,33102.0,40028.0,33806.0,25614.0,6708.0,14044.0,2310.0,3128.0,6746.0,4907.0,6210.0,2013
Arizona,Male,39885.0,119211.0,179520.0,204789.0,217171.0,103845.0,228777.0,43519.0,55354.0,114948.0,67367.0,30180.0,2013
Arkansas,Male,31755.0,78602.0,110597.0,109502.0,91573.0,30913.0,70575.0,14136.0,17206.0,40637.0,21284.0,14264.0,2013
California,Male,166332.0,621282.0,1084839.0,1278146.0,1275253.0,509769.0,1353066.0,238753.0,369212.0,768932.0,713592.0,346968.0,2013
Colorado,Male,40972.0,121251.0,179094.0,201949.0,200338.0,86075.0,178648.0,40272.0,53429.0,107536.0,68163.0,31614.0,2013
Connecticut,Male,25668.0,72109.0,126622.0,132096.0,129975.0,52973.0,110527.0,26259.0,34860.0,65184.0,57504.0,29638.0,2013
Delaware,Male,5061.0,16723.0,30912.0,32273.0,32222.0,13599.0,29945.0,4979.0,6226.0,16112.0,13836.0,6872.0,2013
District of Columbia,Male,3339.0,6308.0,10698.0,21071.0,23831.0,11841.0,30834.0,7922.0,8825.0,16726.0,9149.0,4695.0,2013
Florida,Male,86474.0,288920.0,500284.0,614846.0,660592.0,275616.0,710054.0,130485.0,175438.0,369690.0,233891.0,94044.0,2013
Georgia,Male,52848.0,167417.0,252908.0,317736.0,325039.0,126001.0,319171.0,69505.0,78379.0,216466.0,157696.0,62283.0,2013
Hawaii,Male,9246.0,35472.0,43516.0,49188.0,48830.0,20213.0,62128.0,7236.0,11416.0,32840.0,23264.0,8326.0,2013
Idaho,Male,20775.0,54974.0,62071.0,62493.0,53630.0,18329.0,39293.0,8771.0,9019.0,15576.0,13640.0,7808.0,2013
Illinois,Male,86736.0,250703.0,347505.0,383471.0,372994.0,174540.0,423127.0,109221.0,154878.0,333478.0,270926.0,92160.0,2013
Indiana,Male,63151.0,171089.0,204220.0,237014.0,229126.0,106208.0,184050.0,50491.0,57034.0,113151.0,69765.0,32637.0,2013
Iowa,Male,52192.0,130485.0,143042.0,127715.0,103064.0,45631.0,73987.0,16762.0,16030.0,34558.0,19753.0,12936.0,2013
Kansas,Male,46042.0,112448.0,121613.0,129352.0,104611.0,42491.0,77755.0,14704.0,14841.0,30412.0,14384.0,11149.0,2013
Kentucky,Male,39961.0,106433.0,140865.0,156160.0,146832.0,63298.0,121814.0,26643.0,26035.0,62257.0,40175.0,23662.0,2013
Louisiana,Male,30902.0,104541.0,147335.0,159189.0,148392.0,57388.0,137822.0,22791.0,28211.0,80016.0,63202.0,47122.0,2013
Maine,Male,17824.0,33002.0,44118.0,42603.0,41922.0,17244.0,32009.0,8847.0,10065.0,24512.0,16412.0,10131.0,2013
Maryland,Male,23070.0,79394.0,126106.0,173913.0,169858.0,89637.0,215869.0,55054.0,79560.0,186474.0,170135.0,68998.0,2013
Massachusetts,Male,42627.0,125628.0,180633.0,202407.0,207095.0,101655.0,233133.0,57541.0,84104.0,176502.0,157786.0,52774.0,2013
Michigan,Male,72304.0,217533.0,289628.0,330597.0,317843.0,148851.0,272951.0,74983.0,83593.0,171872.0,101810.0,50324.0,2013
Minnesota,Male,57518.0,160830.0,193793.0,208777.0,198691.0,96966.0,178489.0,44740.0,49697.0,96770.0,57550.0,27778.0,2013
Mississippi,Male,24241.0,67417.0,89779.0,86682.0,86326.0,31129.0,82631.0,13790.0,14621.0,45373.0,28524.0,20328.0,2013
Missouri,Male,51327.0,149927.0,196320.0,209352.0,194043.0,96840.0,197154.0,47178.0,50938.0,100740.0,52770.0,30522.0,2013
Montana,Male,18674.0,43192.0,49122.0,41815.0,24492.0,8912.0,19320.0,2441.0,3575.0,8137.0,7076.0,5565.0,2013
Nebraska,Male,31808.0,79754.0,89231.0,86282.0,70663.0,26717.0,48174.0,7947.0,9937.0,17071.0,9521.0,5494.0,2013
Nevada,Male,14804.0,51313.0,80833.0,112282.0,125143.0,54538.0,106362.0,15323.0,19306.0,31117.0,21037.0,18989.0,2013
New Hampshire,Male,12441.0,32446.0,41979.0,42549.0,43543.0,20639.0,42605.0,9740.0,16182.0,33281.0,24441.0,14980.0,2013
New Jersey,Male,42245.0,142468.0,227424.0,255606.0,261481.0,125353.0,281360.0,67640.0,105644.0,230215.0,254831.0,118424.0,2013
New Mexico,Male,17821.0,57697.0,72846.0,77609.0,67126.0,22824.0,55159.0,8112.0,12217.0,23853.0,18181.0,10827.0,2013
New York,Male,121841.0,322228.0,462782.0,510630.0,551022.0,234293.0,635208.0,131416.0,232216.0,495493.0,548101.0,246031.0,2013
North Carolina,Male,67551.0,198252.0,321312.0,364050.0,335511.0,146752.0,288437.0,66084.0,70886.0,156710.0,95131.0,57619.0,2013
North Dakota,Male,18497.0,38083.0,46800.0,36251.0,21906.0,5279.0,12876.0,1859.0,2065.0,5635.0,7906.0,7259.0,2013
Ohio,Male,90507.0,262695.0,354835.0,415757.0,427742.0,197813.0,343107.0,87032.0,96577.0,176017.0,108870.0,52179.0,2013
Oklahoma,Male,37061.0,116369.0,143028.0,151941.0,146671.0,53108.0,114191.0,17474.0,20904.0,44609.0,30674.0,22901.0,2013
Oregon,Male,38050.0,98972.0,128397.0,144419.0,126012.0,51803.0,107755.0,21892.0,27208.0,56267.0,43088.0,18299.0,2013
Pennsylvania,Male,103439.0,280376.0,379172.0,400677.0,412229.0,185612.0,384317.0,95834.0,123321.0,266053.0,202249.0,97729.0,2013
Rhode Island,Male,7072.0,23768.0,35271.0,44351.0,38110.0,17599.0,31659.0,7553.0,9082.0,19090.0,14354.0,7000.0,2013
South Carolina,Male,37773.0,97737.0,144021.0,167078.0,160171.0,68441.0,157001.0,32871.0,30841.0,66427.0,43412.0,26368.0,2013
South Dakota,Male,18822.0,42519.0,42032.0,37823.0,28391.0,7203.0,13717.0,2597.0,3141.0,4975.0,5676.0,3715.0,2013
Tennessee,Male,39594.0,126891.0,194614.0,228560.0,229455.0,98659.0,218142.0,43266.0,47182.0,117877.0,68711.0,31981.0,2013
Texas,Male,174162.0,555986.0,822099.0,961834.0,884741.0,377452.0,991198.0,166329.0,233528.0,547523.0,413452.0,172857.0,2013
Utah,Male,24871.0,85744.0,104342.0,124021.0,118554.0,45375.0,89677.0,14628.0,18992.0,41325.0,24217.0,13230.0,2013
Vermont,Male,7623.0,18909.0,22402.0,26442.0,17351.0,8667.0,16894.0,5073.0,4792.0,11705.0,5893.0,3312.0,2013
Virginia,Male,42839.0,150177.0,240209.0,290700.0,286945.0,138301.0,292387.0,64987.0,88148.0,198864.0,162302.0,74678.0,2013
Washington,Male,50442.0,136589.0,209992.0,254583.0,240803.0,102264.0,225464.0,52844.0,71328.0,142165.0,105276.0,52670.0,2013
West Virginia,Male,14560.0,36570.0,50272.0,55627.0,58832.0,19994.0,45044.0,10339.0,12969.0,33187.0,30170.0,19193.0,2013
Wisconsin,Male,66811.0,181314.0,219426.0,226401.0,200574.0,94509.0,156418.0,41050.0,46359.0,85925.0,52846.0,29029.0,2013
Wyoming,Male,13748.0,31639.0,34832.0,24729.0,13429.0,3575.0,10186.0,1914.0,2813.0,5406.0,5626.0,6337.0,2013
Puerto Rico,Male,11168.0,34953.0,58619.0,75949.0,71975.0,22908.0,88764.0,12865.0,26145.0,46323.0,55553.0,24231.0,2013
Alabama,Female,25395.0,97452.0,144492.0,163422.0,144305.0,59863.0,130688.0,25459.0,24338.0,58527.0,26370.0,12439.0,2013
Alaska,Female,12022.0,23246.0,33241.0,30824.0,21798.0,7852.0,8871.0,1451.0,1929.0,4986.0,3627.0,1438.0,2013
Arizona,Female,36264.0,131387.0,181527.0,191053.0,185960.0,85185.0,160863.0,28792.0,50635.0,89681.0,43080.0,15111.0,2013
Arkansas,Female,22799.0,82002.0,96429.0,105067.0,77964.0,31842.0,69755.0,13047.0,12039.0,27272.0,14831.0,4534.0,2013
California,Female,147211.0,669343.0,1013261.0,1157365.0,1079875.0,424718.0,1012104.0,172834.0,276289.0,544085.0,454624.0,190157.0,2013
Colorado,Female,34473.0,126726.0,162207.0,184556.0,173073.0,71810.0,143590.0,29422.0,37615.0,71990.0,39249.0,15512.0,2013
Connecticut,Female,21284.0,87742.0,127156.0,136577.0,135206.0,48621.0,97000.0,20479.0,26602.0,46480.0,32090.0,18375.0,2013
Delaware,Female,4894.0,18003.0,29692.0,35685.0,35021.0,14139.0,26360.0,5225.0,6560.0,11984.0,7811.0,3562.0,2013
District of Columbia,Female,1776.0,6869.0,11405.0,18661.0,25031.0,10975.0,34668.0,9035.0,9957.0,17513.0,11173.0,3311.0,2013
Florida,Female,79289.0,315474.0,501247.0,614247.0,647823.0,257037.0,604417.0,115785.0,146209.0,289089.0,160897.0,57234.0,2013
Georgia,Female,43681.0,175820.0,268898.0,320717.0,310695.0,111883.0,258672.0,55551.0,70972.0,171918.0,107056.0,41506.0,2013
Hawaii,Female,6485.0,25797.0,37791.0,42190.0,40755.0,13908.0,52045.0,6629.0,9921.0,29162.0,17799.0,8670.0,2013
Idaho,Female,16644.0,51780.0,57988.0,55232.0,39326.0,16493.0,25431.0,5833.0,4919.0,10891.0,5382.0,2229.0,2013
Illinois,Female,77696.0,289656.0,372693.0,379643.0,371513.0,160961.0,361791.0,84549.0,122881.0,247210.0,192726.0,61257.0,2013
Indiana,Female,49379.0,179784.0,223357.0,236353.0,209211.0,93995.0,157915.0,39015.0,41622.0,72378.0,39303.0,15715.0,2013
Iowa,Female,52195.0,132495.0,131857.0,122547.0,95397.0,43056.0,59185.0,13776.0,13386.0,24184.0,12665.0,6209.0,2013
Kansas,Female,37769.0,112193.0,115444.0,112464.0,83472.0,34339.0,58730.0,12267.0,10702.0,20325.0,10521.0,5579.0,2013
Kentucky,Female,29160.0,115803.0,143642.0,159040.0,135870.0,56552.0,95287.0,22566.0,18583.0,44683.0,21774.0,9820.0,2013
Louisiana,Female,32560.0,103691.0,158115.0,165239.0,140609.0,48604.0,122141.0,20205.0,22420.0,52960.0,30240.0,13369.0,2013
Maine,Female,16527.0,42265.0,50978.0,46049.0,42603.0,20213.0,31704.0,5605.0,8457.0,17567.0,8630.0,3940.0,2013
Maryland,Female,23194.0,95093.0,142742.0,180835.0,186516.0,83687.0,204371.0,46868.0,71363.0,158048.0,137425.0,53436.0,2013
Massachusetts,Female,38475.0,150194.0,215420.0,219667.0,214250.0,100016.0,213945.0,44872.0,67595.0,144004.0,111100.0,37399.0,2013
Michigan,Female,68888.0,244397.0,313925.0,336174.0,305892.0,143771.0,229539.0,61417.0,65231.0,121311.0,58886.0,28729.0,2013
Minnesota,Female,53744.0,172385.0,201419.0,202373.0,187915.0,92604.0,148107.0,34947.0,41684.0,79059.0,39197.0,13166.0,2013
Mississippi,Female,20105.0,77322.0,99988.0,97754.0,83400.0,35689.0,69891.0,14303.0,12676.0,33544.0,15724.0,7059.0,2013
Missouri,Female,53032.0,167392.0,196474.0,217322.0,202997.0,87977.0,163457.0,35336.0,38314.0,73350.0,30774.0,16065.0,2013
Montana,Female,15188.0,45052.0,47286.0,39669.0,26652.0,9297.0,15367.0,1553.0,3292.0,6049.0,3076.0,2007.0,2013
Nebraska,Female,27496.0,78564.0,83770.0,74744.0,69061.0,24078.0,39393.0,5907.0,5882.0,12202.0,6558.0,2409.0,2013
Nevada,Female,15699.0,50895.0,78326.0,103571.0,105072.0,43965.0,85626.0,11492.0,14889.0,20724.0,13293.0,7536.0,2013
New Hampshire,Female,13764.0,38436.0,47431.0,46012.0,39515.0,20873.0,36134.0,9493.0,13403.0,21545.0,13186.0,6280.0,2013
New Jersey,Female,45799.0,174578.0,250514.0,264826.0,255525.0,119283.0,250647.0,52669.0,87679.0,167945.0,149689.0,68078.0,2013
New Mexico,Female,20309.0,53249.0,75372.0,71290.0,51871.0,21322.0,41579.0,7095.0,7897.0,18651.0,10094.0,4541.0,2013
New York,Female,94955.0,338249.0,469640.0,534959.0,531233.0,227277.0,579227.0,125642.0,205552.0,426681.0,447555.0,191995.0,2013
North Carolina,Female,52944.0,212816.0,322909.0,370837.0,327919.0,137992.0,248339.0,54599.0,59428.0,113291.0,57385.0,25047.0,2013
North Dakota,Female,14322.0,35317.0,40758.0,29487.0,20093.0,5338.0,10151.0,1737.0,2193.0,3779.0,1983.0,1206.0,2013
Ohio,Female,84924.0,287564.0,394872.0,421903.0,406721.0,186677.0,297443.0,70577.0,77342.0,128479.0,62219.0,27065.0,2013
Oklahoma,Female,31339.0,119435.0,136560.0,134861.0,116332.0,42913.0,84428.0,14421.0,15074.0,29859.0,15402.0,6789.0,2013
Oregon,Female,28667.0,109188.0,133900.0,138460.0,113672.0,48318.0,79814.0,17578.0,24058.0,41876.0,27459.0,10232.0,2013
Pennsylvania,Female,90254.0,307241.0,413526.0,421362.0,405586.0,172141.0,335958.0,76729.0,105332.0,200045.0,130732.0,50086.0,2013
Rhode Island,Female,6609.0,25725.0,36050.0,43912.0,41643.0,16184.0,27600.0,7104.0,7874.0,11552.0,7333.0,3115.0,2013
South Carolina,Female,30894.0,102116.0,148953.0,176949.0,159257.0,60157.0,133799.0,26106.0,25306.0,57852.0,32500.0,10579.0,2013
South Dakota,Female,15326.0,42912.0,40169.0,37174.0,22891.0,7963.0,12730.0,2435.0,2583.0,4661.0,3988.0,1289.0,2013
Tennessee,Female,32967.0,133927.0,190123.0,230069.0,216848.0,87772.0,177255.0,34493.0,36716.0,90672.0,45511.0,15152.0,2013
Texas,Female,152581.0,572016.0,782074.0,879751.0,781034.0,302390.0,699833.0,130850.0,171263.0,381253.0,225086.0,68960.0,2013
Utah,Female,23955.0,81201.0,98767.0,97551.0,84997.0,33114.0,58140.0,9699.0,11906.0,19577.0,10712.0,5612.0,2013
Vermont,Female,7495.0,22019.0,22819.0,23587.0,20967.0,8016.0,15254.0,4583.0,5227.0,8670.0,3655.0,1751.0,2013
Virginia,Female,40922.0,165737.0,245532.0,299828.0,273510.0,122597.0,245070.0,56775.0,68670.0,147136.0,101725.0,38082.0,2013
Washington,Female,45444.0,150856.0,196159.0,225534.0,218964.0,90023.0,176220.0,37495.0,52268.0,103744.0,66191.0,26899.0,2013
West Virginia,Female,16910.0,42436.0,54753.0,55846.0,49764.0,21673.0,30739.0,8813.0,10643.0,18516.0,13464.0,5748.0,2013
Wisconsin,Female,57724.0,185117.0,231841.0,225577.0,202846.0,84694.0,128362.0,33503.0,38532.0,67117.0,33875.0,17549.0,2013
Wyoming,Female,13298.0,35393.0,32302.0,18548.0,8967.0,2901.0,6791.0,1163.0,1237.0,2163.0,2299.0,833.0,2013
Puerto Rico,Female,7106.0,33482.0,52663.0,72783.0,70854.0,22999.0,77794.0,10368.0,23233.0,37297.0,45465.0,20011.0,2013
Alabama,Male,25980.0,84769.0,139647.0,172751.0,163061.0,72875.0,159426.0,28216.0,29591.0,80471.0,48302.0,24168.0,2014
Alaska,Male,16411.0,37875.0,37327.0,36948.0,24457.0,6648.0,13873.0,2035.0,2059.0,8317.0,6044.0,4768.0,2014
Arizona,Male,32401.0,132778.0,192928.0,216413.0,225001.0,104851.0,232175.0,42205.0,61922.0,114909.0,62598.0,28297.0,2014
Arkansas,Male,28336.0,86526.0,106298.0,106289.0,92824.0,36548.0,77570.0,14762.0,19524.0,35914.0,25610.0,16150.0,2014
California,Male,170288.0,646265.0,1072734.0,1318349.0,1276840.0,533657.0,1379161.0,240077.0,403163.0,804661.0,758746.0,362217.0,2014
Colorado,Male,40520.0,115767.0,184200.0,203403.0,201886.0,89708.0,205783.0,45987.0,55254.0,112742.0,80330.0,34057.0,2014
Connecticut,Male,26030.0,77347.0,125915.0,132587.0,138962.0,56433.0,108678.0,26361.0,32414.0,61909.0,58412.0,31204.0,2014
Delaware,Male,5176.0,17079.0,34585.0,34637.0,35367.0,13225.0,28389.0,5823.0,5138.0,13541.0,12275.0,6181.0,2014
District of Columbia,Male,2057.0,8182.0,11950.0,20173.0,24149.0,12501.0,33963.0,8420.0,9032.0,15563.0,8368.0,3012.0,2014
Florida,Male,85227.0,289163.0,497196.0,639693.0,700135.0,297387.0,735160.0,139929.0,177636.0,381145.0,251761.0,102982.0,2014
Georgia,Male,47640.0,160900.0,274187.0,324543.0,311732.0,134683.0,322174.0,72197.0,89220.0,221473.0,179002.0,70870.0,2014
Hawaii,Male,12251.0,28363.0,43358.0,48833.0,50211.0,18228.0,63047.0,10734.0,13650.0,32632.0,24179.0,9969.0,2014
Idaho,Male,20642.0,54499.0,59697.0,61022.0,51238.0,21428.0,42587.0,9117.0,7663.0,18706.0,13067.0,7157.0,2014
Illinois,Male,82748.0,263147.0,338788.0,371696.0,391689.0,179110.0,443542.0,95354.0,151781.0,341664.0,292055.0,96352.0,2014
Indiana,Male,55315.0,167355.0,227978.0,246532.0,219632.0,103498.0,198383.0,50355.0,57766.0,110357.0,73795.0,34069.0,2014
Iowa,Male,55420.0,135501.0,134001.0,134326.0,105397.0,44416.0,72449.0,17141.0,17724.0,32848.0,19897.0,12641.0,2014
Kansas,Male,43343.0,109130.0,122781.0,121909.0,105129.0,46415.0,75304.0,16461.0,15983.0,32785.0,17540.0,11269.0,2014
Kentucky,Male,39673.0,103272.0,133417.0,162063.0,145175.0,66520.0,126523.0,29019.0,30914.0,66360.0,44530.0,20755.0,2014
Louisiana,Male,32142.0,95180.0,137976.0,155576.0,155297.0,53961.0,148756.0,22258.0,27235.0,72971.0,61922.0,51510.0,2014
Maine,Male,15598.0,35080.0,43494.0,48716.0,42806.0,18714.0,36825.0,9254.0,11932.0,23266.0,15406.0,9074.0,2014
Maryland,Male,20605.0,76117.0,126944.0,163246.0,184905.0,88419.0,229568.0,62286.0,81231.0,179600.0,177690.0,64512.0,2014
Massachusetts,Male,37781.0,131499.0,184842.0,213757.0,210022.0,100299.0,231966.0,55574.0,79693.0,180858.0,165110.0,55068.0,2014
Michigan,Male,67224.0,220405.0,284850.0,340295.0,329349.0,150013.0,275745.0,75248.0,91524.0,179895.0,120062.0,51391.0,2014
Minnesota,Male,58890.0,154067.0,192536.0,210236.0,201534.0,103042.0,181062.0,45798.0,49639.0,101944.0,61656.0,28139.0,2014
Mississippi,Male,22903.0,67999.0,91891.0,97613.0,84775.0,34993.0,78851.0,15565.0,20479.0,39259.0,30695.0,22612.0,2014
Missouri,Male,53760.0,147774.0,189367.0,213439.0,213887.0,93520.0,183695.0,42066.0,49778.0,101736.0,54007.0,25508.0,2014
Montana,Male,17810.0,42867.0,49298.0,46596.0,29596.0,9331.0,18288.0,2621.0,3980.0,7886.0,6686.0,5766.0,2014
Nebraska,Male,32977.0,80652.0,90856.0,88247.0,74867.0,27159.0,46838.0,8089.0,9631.0,16282.0,10236.0,7035.0,2014
Nevada,Male,17365.0,50361.0,90722.0,111753.0,130116.0,55691.0,110056.0,14956.0,18202.0,31606.0,24408.0,18118.0,2014
New Hampshire,Male,14072.0,34096.0,39479.0,42913.0,42173.0,21229.0,39619.0,12503.0,15622.0,34262.0,26719.0,14308.0,2014
New Jersey,Male,43264.0,148449.0,228767.0,257444.0,274072.0,125862.0,285964.0,68970.0,107583.0,234214.0,267713.0,127543.0,2014
New Mexico,Male,17260.0,53545.0,81941.0,75677.0,64100.0,23806.0,54035.0,8413.0,10552.0,25405.0,17766.0,11042.0,2014
New York,Male,116512.0,319698.0,446684.0,514345.0,554320.0,239754.0,654303.0,137186.0,244070.0,512323.0,553433.0,268505.0,2014
North Carolina,Male,73792.0,212161.0,313642.0,364305.0,338617.0,146653.0,296801.0,67146.0,79142.0,167488.0,105152.0,50376.0,2014
North Dakota,Male,16354.0,42752.0,48042.0,34081.0,20247.0,5642.0,10132.0,1452.0,2341.0,6289.0,8445.0,5431.0,2014
Ohio,Male,91993.0,269658.0,367236.0,416412.0,429812.0,210697.0,355623.0,92044.0,99749.0,182963.0,103828.0,55840.0,2014
Oklahoma,Male,36640.0,113740.0,135984.0,154747.0,138012.0,58434.0,116754.0,19922.0,20565.0,48146.0,30917.0,20961.0,2014
Oregon,Male,35040.0,103187.0,132063.0,146716.0,129798.0,54356.0,111990.0,24046.0,32376.0,56478.0,41069.0,21200.0,2014
Pennsylvania,Male,97792.0,272896.0,378810.0,410216.0,411807.0,187707.0,385875.0,99796.0,129882.0,274526.0,198134.0,103983.0,2014
Rhode Island,Male,6385.0,25153.0,35817.0,38123.0,37734.0,18216.0,32202.0,7434.0,9136.0,18163.0,12634.0,7862.0,2014
South Carolina,Male,34581.0,98134.0,145446.0,171955.0,174974.0,72798.0,152876.0,31940.0,35479.0,78134.0,50511.0,23713.0,2014
South Dakota,Male,21331.0,44772.0,44867.0,38611.0,26576.0,8883.0,14930.0,2094.0,2994.0,6110.0,4695.0,2727.0,2014
Tennessee,Male,41301.0,127272.0,194928.0,223124.0,227651.0,100230.0,224433.0,44539.0,50550.0,117351.0,69064.0,30096.0,2014
Texas,Male,172314.0,562850.0,821097.0,989537.0,940995.0,367631.0,1015633.0,181383.0,243036.0,589926.0,431790.0,172461.0,2014
Utah,Male,26770.0,87190.0,110085.0,117248.0,118714.0,43964.0,87862.0,16658.0,21511.0,44654.0,31551.0,14439.0,2014
Vermont,Male,7484.0,20209.0,24485.0,23610.0,21213.0,11341.0,17009.0,3109.0,4834.0,9989.0,6662.0,2079.0,2014
Virginia,Male,43332.0,147450.0,240040.0,297360.0,295954.0,132388.0,290177.0,68683.0,90785.0,204449.0,166395.0,82422.0,2014
Washington,Male,45694.0,136112.0,203219.0,247530.0,244467.0,115259.0,245034.0,63094.0,75145.0,150111.0,123020.0,57380.0,2014
West Virginia,Male,16162.0,35937.0,48824.0,56787.0,51975.0,19591.0,44652.0,9961.0,11931.0,35007.0,29573.0,19358.0,2014
Wisconsin,Male,70485.0,185113.0,228093.0,221751.0,207836.0,97206.0,162386.0,40923.0,49988.0,87342.0,51609.0,29119.0,2014
Wyoming,Male,11267.0,32114.0,34750.0,25455.0,13633.0,4330.0,11091.0,1319.0,2353.0,6886.0,7863.0,5330.0,2014
Puerto Rico,Male,13720.0,37372.0,60967.0,78261.0,68363.0,29043.0,90994.0,12236.0,25554.0,45500.0,47803.0,21195.0,2014
Alabama,Female,24553.0,91932.0,142477.0,168644.0,153263.0,60374.0,135810.0,24111.0,23152.0,57957.0,26903.0,11760.0,2014
Alaska,Female,11737.0,28448.0,31108.0,27336.0,23370.0,4351.0,10421.0,1462.0,1665.0,3939.0,3425.0,1272.0,2014
Arizona,Female,40470.0,132831.0,171628.0,205034.0,187581.0,83796.0,170112.0,35873.0,48809.0,89815.0,43549.0,13963.0,2014
Arkansas,Female,24312.0,84329.0,103932.0,101287.0,85622.0,32087.0,56601.0,10841.0,12614.0,27552.0,17279.0,5492.0,2014
California,Female,155517.0,689097.0,1026648.0,1149108.0,1081236.0,442894.0,1071196.0,182714.0,290926.0,578355.0,499164.0,190938.0,2014
Colorado,Female,34283.0,133768.0,170938.0,181214.0,174605.0,76796.0,148842.0,37868.0,39061.0,76621.0,46778.0,16436.0,2014
Connecticut,Female,23045.0,86617.0,130652.0,136060.0,127472.0,55208.0,100859.0,20699.0,27254.0,46978.0,34227.0,18503.0,2014
Delaware,Female,4776.0,19586.0,32454.0,37226.0,33606.0,12919.0,26547.0,5689.0,5220.0,13974.0,8545.0,3521.0,2014
District of Columbia,Female,1987.0,7070.0,11929.0,19281.0,28227.0,13130.0,34514.0,9054.0,10012.0,19264.0,10905.0,3307.0,2014
Florida,Female,72072.0,318228.0,509566.0,635025.0,651308.0,256898.0,611856.0,121471.0,153802.0,307755.0,172354.0,62613.0,2014
Georgia,Female,43314.0,173950.0,285559.0,330220.0,295007.0,123657.0,262094.0,58669.0,72154.0,186374.0,119109.0,43120.0,2014
Hawaii,Female,7381.0,25547.0,40512.0,38532.0,40014.0,14013.0,49176.0,6615.0,11786.0,31093.0,24804.0,10014.0,2014
Idaho,Female,19059.0,50477.0,54962.0,53841.0,45574.0,16310.0,30165.0,6187.0,6259.0,11022.0,6786.0,2581.0,2014
Illinois,Female,76968.0,276619.0,363708.0,378360.0,357487.0,160475.0,361278.0,90501.0,125115.0,259508.0,210768.0,70015.0,2014
Indiana,Female,48805.0,186433.0,229834.0,242054.0,207106.0,93014.0,155274.0,36816.0,48175.0,78856.0,40364.0,17657.0,2014
Iowa,Female,47402.0,139738.0,130958.0,126107.0,96335.0,39377.0,58814.0,13748.0,15120.0,25425.0,10319.0,5783.0,2014
Kansas,Female,40125.0,103745.0,118211.0,110469.0,94081.0,37268.0,54637.0,10318.0,12945.0,19995.0,8254.0,4538.0,2014
Kentucky,Female,31466.0,109064.0,143627.0,153636.0,133793.0,53839.0,99615.0,20499.0,26017.0,44931.0,22640.0,11493.0,2014
Louisiana,Female,32620.0,114234.0,156620.0,156906.0,146608.0,50661.0,124662.0,22240.0,21839.0,50679.0,30058.0,12837.0,2014
Maine,Female,13859.0,40406.0,48291.0,49053.0,44365.0,19051.0,28554.0,9199.0,8686.0,19334.0,9345.0,3646.0,2014
Maryland,Female,23756.0,90785.0,149038.0,183113.0,188022.0,85352.0,199132.0,50613.0,72707.0,154704.0,132874.0,52056.0,2014
Massachusetts,Female,39919.0,148076.0,212120.0,227934.0,213584.0,91115.0,215693.0,47885.0,72855.0,154595.0,120454.0,41910.0,2014
Michigan,Female,68887.0,241867.0,320947.0,333843.0,318084.0,142240.0,232261.0,59287.0,71044.0,128345.0,67245.0,26803.0,2014
Minnesota,Female,46164.0,165929.0,202829.0,209757.0,190927.0,89007.0,151901.0,36896.0,49575.0,79051.0,43017.0,13673.0,2014
Mississippi,Female,18875.0,68959.0,99100.0,99838.0,82289.0,33389.0,72051.0,13161.0,15381.0,34398.0,16420.0,7065.0,2014
Missouri,Female,46601.0,162480.0,201633.0,216499.0,202210.0,87314.0,159716.0,36370.0,39410.0,78643.0,32862.0,15327.0,2014
Montana,Female,14729.0,42978.0,47948.0,44315.0,23241.0,7896.0,14618.0,2129.0,3390.0,6299.0,3062.0,2092.0,2014
Nebraska,Female,28548.0,81441.0,83196.0,79583.0,60559.0,25639.0,36558.0,6815.0,7798.0,14950.0,7127.0,3447.0,2014
Nevada,Female,14356.0,54036.0,79350.0,95455.0,108673.0,48526.0,90119.0,12363.0,16550.0,22920.0,13766.0,8950.0,2014
New Hampshire,Female,11594.0,40990.0,42609.0,44829.0,39692.0,20917.0,41066.0,9921.0,13648.0,21164.0,14349.0,6667.0,2014
New Jersey,Female,46524.0,171847.0,256770.0,268755.0,267797.0,121439.0,250335.0,53770.0,88071.0,166319.0,169502.0,70296.0,2014
New Mexico,Female,13938.0,56924.0,73962.0,73012.0,57006.0,20276.0,41098.0,7504.0,8847.0,20043.0,9508.0,5327.0,2014
New York,Female,106457.0,333188.0,472824.0,528817.0,526480.0,228674.0,600568.0,126135.0,213760.0,450029.0,453334.0,206666.0,2014
North Carolina,Female,49650.0,216061.0,324309.0,363432.0,329933.0,148363.0,252039.0,55371.0,59206.0,121373.0,63175.0,23733.0,2014
North Dakota,Female,15615.0,37150.0,37677.0,30699.0,19863.0,4669.0,8898.0,1611.0,1860.0,3844.0,3137.0,1906.0,2014
Ohio,Female,85883.0,302328.0,378325.0,419923.0,404382.0,199354.0,289919.0,73885.0,77522.0,136638.0,67383.0,25091.0,2014
Oklahoma,Female,34138.0,117270.0,139457.0,138473.0,117885.0,46506.0,86702.0,14456.0,16368.0,34010.0,15374.0,6514.0,2014
Oregon,Female,33852.0,103997.0,124375.0,134934.0,123870.0,46767.0,87013.0,17077.0,23694.0,44994.0,27684.0,10247.0,2014
Pennsylvania,Female,91334.0,294935.0,406636.0,430464.0,402634.0,180344.0,341426.0,81687.0,111498.0,203869.0,136712.0,54070.0,2014
Rhode Island,Female,6151.0,27517.0,39265.0,42487.0,39336.0,15701.0,29791.0,5561.0,8227.0,12057.0,7422.0,3548.0,2014
South Carolina,Female,28050.0,99956.0,151026.0,170330.0,162109.0,66628.0,132028.0,30799.0,28274.0,61255.0,30535.0,13696.0,2014
South Dakota,Female,15786.0,40516.0,40940.0,34482.0,24368.0,10294.0,13051.0,1924.0,2432.0,4602.0,3180.0,1534.0,2014
Tennessee,Female,35061.0,134664.0,205302.0,221243.0,214366.0,92966.0,169300.0,38011.0,42234.0,91616.0,48445.0,15732.0,2014
Texas,Female,160845.0,583504.0,792845.0,892352.0,789873.0,323885.0,731167.0,134670.0,165636.0,402577.0,241962.0,73656.0,2014
Utah,Female,26648.0,85563.0,102316.0,100976.0,87323.0,33460.0,52723.0,9959.0,11970.0,23109.0,11517.0,5719.0,2014
Vermont,Female,7227.0,19517.0,21810.0,21818.0,20928.0,10949.0,18355.0,4114.0,4031.0,8358.0,3321.0,2053.0,2014
Virginia,Female,41369.0,166062.0,231632.0,293451.0,286496.0,127525.0,247770.0,60204.0,71956.0,148362.0,109029.0,42991.0,2014
Washington,Female,46214.0,151161.0,207991.0,222462.0,205656.0,92567.0,185559.0,43338.0,55626.0,107797.0,76333.0,28135.0,2014
West Virginia,Female,13082.0,43722.0,55069.0,61410.0,49105.0,20145.0,36120.0,8502.0,9393.0,20558.0,11113.0,5827.0,2014
Wisconsin,Female,58190.0,194061.0,230910.0,224996.0,196395.0,90355.0,135459.0,33139.0,40061.0,66703.0,34398.0,16219.0,2014
Wyoming,Female,11248.0,33293.0,29109.0,20680.0,10395.0,3718.0,8008.0,1300.0,1064.0,2912.0,1858.0,2009.0,2014
Puerto Rico,Female,6359.0,31413.0,51855.0,69529.0,67117.0,21637.0,80742.0,9816.0,23676.0,37465.0,43615.0,17364.0,2014
Alabama,Male,29728.0,91480.0,134267.0,168442.0,156266.0,65304.0,153361.0,30787.0,31254.0,87075.0,53389.0,24945.0,2015
Alaska,Male,15077.0,33205.0,38686.0,35147.0,26552.0,8866.0,13752.0,1885.0,4337.0,6235.0,7027.0,6010.0,2015
Arizona,Male,33578.0,131458.0,185503.0,221528.0,232516.0,108003.0,227317.0,44557.0,63177.0,117012.0,77703.0,32915.0,2015
Arkansas,Male,32756.0,81104.0,106079.0,108476.0,90070.0,32765.0,79008.0,12470.0,16021.0,39969.0,26222.0,19246.0,2015
California,Male,155109.0,649091.0,1069521.0,1324484.0,1306772.0,536779.0,1427085.0,240175.0,396400.0,839623.0,800932.0,409921.0,2015
Colorado,Male,35988.0,117819.0,176943.0,218989.0,216126.0,91052.0,197661.0,45208.0,54704.0,116569.0,81434.0,35164.0,2015
Connecticut,Male,21247.0,78321.0,113131.0,129079.0,127523.0,55190.0,119872.0,28224.0,34778.0,69971.0,62030.0,36111.0,2015
Delaware,Male,5988.0,19016.0,31154.0,33725.0,34393.0,15432.0,27064.0,3081.0,7170.0,16223.0,13057.0,8193.0,2015
District of Columbia,Male,2760.0,8020.0,12384.0,18244.0,26381.0,11988.0,33672.0,9270.0,9322.0,21347.0,9715.0,3164.0,2015
Florida,Male,73258.0,292115.0,486171.0,634656.0,712175.0,293254.0,771678.0,143844.0,177751.0,408484.0,274302.0,116966.0,2015
Georgia,Male,52078.0,162317.0,259582.0,329239.0,317750.0,135811.0,340427.0,74558.0,89690.0,229215.0,191155.0,77303.0,2015
Hawaii,Male,8906.0,33605.0,43738.0,53388.0,53104.0,18657.0,65592.0,10046.0,14824.0,33520.0,27093.0,9766.0,2015
Idaho,Male,23147.0,54874.0,65177.0,62039.0,55483.0,19470.0,34464.0,7391.0,9886.0,21792.0,13198.0,7525.0,2015
Illinois,Male,78115.0,254694.0,340146.0,383459.0,381132.0,183078.0,432950.0,102318.0,162088.0,344819.0,302818.0,107174.0,2015
Indiana,Male,55940.0,169865.0,215058.0,252926.0,232716.0,114332.0,196221.0,47009.0,54948.0,118759.0,74325.0,33574.0,2015
Iowa,Male,55263.0,131845.0,141926.0,134465.0,113232.0,45233.0,78938.0,14436.0,16684.0,32021.0,21026.0,12961.0,2015
Kansas,Male,45451.0,115009.0,131802.0,127130.0,100627.0,41420.0,72525.0,16591.0,16163.0,30555.0,20575.0,10668.0,2015
Kentucky,Male,38040.0,95644.0,141386.0,156336.0,150152.0,65427.0,128909.0,30191.0,32227.0,64767.0,42601.0,25990.0,2015
Louisiana,Male,31967.0,97830.0,130273.0,169488.0,152797.0,51919.0,150031.0,23676.0,27719.0,72859.0,62257.0,45485.0,2015
Maine,Male,14812.0,37048.0,44233.0,45971.0,38814.0,18650.0,35568.0,8359.0,11824.0,25019.0,16218.0,9502.0,2015
Maryland,Male,27075.0,78273.0,138309.0,162062.0,182330.0,84728.0,229266.0,56364.0,84123.0,187156.0,177054.0,69970.0,2015
Massachusetts,Male,42708.0,124051.0,186027.0,202915.0,204760.0,94226.0,247458.0,56720.0,83300.0,193531.0,174561.0,62426.0,2015
Michigan,Male,66148.0,215077.0,315852.0,348836.0,333675.0,154052.0,285408.0,74660.0,92495.0,184806.0,113276.0,52671.0,2015
Minnesota,Male,55618.0,157193.0,197745.0,215794.0,200549.0,99276.0,185539.0,47885.0,56524.0,103310.0,61543.0,30175.0,2015
Mississippi,Male,20469.0,64251.0,86841.0,95321.0,86784.0,33562.0,88778.0,16076.0,20460.0,40309.0,31015.0,23590.0,2015
Missouri,Male,48137.0,151080.0,190672.0,215033.0,213785.0,97790.0,198196.0,41595.0,51598.0,108262.0,63246.0,31210.0,2015
Montana,Male,18506.0,41113.0,54099.0,49923.0,28174.0,8117.0,16961.0,2968.0,3006.0,8001.0,6476.0,5276.0,2015
Nebraska,Male,33484.0,79816.0,89646.0,93320.0,70078.0,30172.0,47971.0,7444.0,9387.0,17251.0,11352.0,6253.0,2015
Nevada,Male,13723.0,51149.0,84327.0,121509.0,128032.0,55953.0,123744.0,16109.0,22058.0,32074.0,24760.0,15918.0,2015
New Hampshire,Male,9945.0,32244.0,43160.0,41206.0,46056.0,19412.0,42274.0,10448.0,16000.0,32035.0,31391.0,16452.0,2015
New Jersey,Male,43778.0,144822.0,231841.0,251178.0,279238.0,135658.0,297020.0,66415.0,108370.0,225381.0,251342.0,138728.0,2015
New Mexico,Male,14305.0,52353.0,74092.0,82941.0,67643.0,22756.0,56044.0,8755.0,10649.0,27143.0,17773.0,11329.0,2015
New York,Male,110425.0,306963.0,455575.0,516074.0,567152.0,245891.0,654080.0,139717.0,238803.0,513402.0,596972.0,271750.0,2015
North Carolina,Male,72083.0,204911.0,319489.0,380870.0,337875.0,156730.0,317736.0,72068.0,81093.0,172936.0,103265.0,58735.0,2015
North Dakota,Male,17361.0,47533.0,44934.0,42948.0,22147.0,7423.0,10229.0,1732.0,2040.0,5383.0,7039.0,5780.0,2015
Ohio,Male,93722.0,269357.0,362590.0,425418.0,417277.0,223388.0,354002.0,95780.0,102021.0,186415.0,109645.0,58214.0,2015
Oklahoma,Male,35666.0,108036.0,144572.0,155526.0,144619.0,53537.0,115772.0,22809.0,21993.0,48152.0,30491.0,20083.0,2015
Oregon,Male,34643.0,98564.0,139582.0,141031.0,129674.0,61052.0,112834.0,24412.0,37225.0,67241.0,45864.0,19292.0,2015
Pennsylvania,Male,96366.0,279405.0,374690.0,399514.0,413767.0,193240.0,398782.0,101353.0,124234.0,279614.0,216051.0,109916.0,2015
Rhode Island,Male,6973.0,23778.0,33913.0,37974.0,41054.0,18110.0,32173.0,7557.0,10896.0,17796.0,13579.0,8907.0,2015
South Carolina,Male,37392.0,93604.0,143169.0,168325.0,168408.0,74713.0,159666.0,37591.0,37038.0,86727.0,46256.0,23549.0,2015
South Dakota,Male,18838.0,40314.0,44702.0,43894.0,24752.0,8866.0,13687.0,1803.0,2508.0,7609.0,4670.0,3918.0,2015
Tennessee,Male,40733.0,133531.0,190247.0,231326.0,245325.0,103661.0,218661.0,45169.0,53393.0,121165.0,79953.0,30693.0,2015
Texas,Male,166295.0,570426.0,825923.0,969746.0,934438.0,364824.0,1043816.0,194798.0,265308.0,606342.0,459240.0,201211.0,2015
Utah,Male,26582.0,87105.0,120350.0,130371.0,121264.0,48146.0,90372.0,17854.0,21126.0,46353.0,26709.0,14537.0,2015
Vermont,Male,8572.0,19071.0,22370.0,22555.0,21419.0,10051.0,16096.0,5115.0,5774.0,10739.0,7983.0,3381.0,2015
Virginia,Male,47830.0,152200.0,227931.0,291945.0,296061.0,132733.0,304460.0,76915.0,86736.0,211727.0,175768.0,75100.0,2015
Washington,Male,43751.0,150692.0,213635.0,254332.0,247708.0,112566.0,237706.0,57183.0,77526.0,154642.0,131234.0,62090.0,2015
West Virginia,Male,13646.0,40461.0,50364.0,51370.0,49215.0,20537.0,44528.0,11307.0,11296.0,31995.0,29278.0,17693.0,2015
Wisconsin,Male,63792.0,186019.0,239403.0,228064.0,207832.0,96520.0,162260.0,41892.0,48494.0,96890.0,55468.0,30684.0,2015
Wyoming,Male,13449.0,29338.0,32826.0,26332.0,11031.0,3028.0,9121.0,2458.0,1927.0,6466.0,6253.0,7970.0,2015
Puerto Rico,Male,11591.0,35634.0,63869.0,73806.0,69290.0,22088.0,86072.0,9497.0,24869.0,43555.0,50193.0,20017.0,2015
Alabama,Female,20960.0,90071.0,150611.0,156897.0,149394.0,65414.0,137574.0,22898.0,25476.0,62687.0,30091.0,9595.0,2015
Alaska,Female,11873.0,27754.0,29695.0,29251.0,24542.0,6697.0,9868.0,2288.0,1243.0,3406.0,2683.0,901.0,2015
Arizona,Female,35961.0,135854.0,178811.0,204111.0,197927.0,90234.0,171794.0,36071.0,48830.0,97866.0,50160.0,17160.0,2015
Arkansas,Female,26408.0,87674.0,108315.0,98173.0,85406.0,30993.0,57906.0,10091.0,14441.0,28553.0,16846.0,5926.0,2015
California,Female,145232.0,653156.0,1008895.0,1189656.0,1104351.0,438269.0,1087668.0,191093.0,305873.0,623715.0,534904.0,225103.0,2015
Colorado,Female,37459.0,127747.0,163964.0,188674.0,177298.0,84157.0,147971.0,32632.0,42253.0,86378.0,51355.0,17919.0,2015
Connecticut,Female,19247.0,83968.0,135216.0,138934.0,129446.0,53434.0,95897.0,21595.0,28634.0,49786.0,35641.0,20967.0,2015
Delaware,Female,3123.0,17895.0,31538.0,34380.0,38066.0,12637.0,28604.0,5370.0,7238.0,14143.0,8926.0,3889.0,2015
District of Columbia,Female,1885.0,6087.0,13450.0,21102.0,27538.0,12714.0,34267.0,8362.0,10812.0,19403.0,12005.0,2729.0,2015
Florida,Female,69737.0,318213.0,518897.0,647807.0,665572.0,250697.0,648317.0,119757.0,155562.0,335570.0,197081.0,74931.0,2015
Georgia,Female,46757.0,170455.0,286981.0,339538.0,313697.0,129948.0,288628.0,63536.0,74192.0,175419.0,125751.0,49248.0,2015
Hawaii,Female,6038.0,27196.0,40587.0,44048.0,41307.0,13559.0,47551.0,6539.0,13000.0,27246.0,25795.0,7193.0,2015
Idaho,Female,17292.0,56355.0,60007.0,54235.0,41761.0,19455.0,29070.0,4727.0,7238.0,14383.0,7387.0,3318.0,2015
Illinois,Female,78430.0,286021.0,363331.0,384278.0,363093.0,169522.0,353456.0,89652.0,126266.0,256091.0,212433.0,71030.0,2015
Indiana,Female,48127.0,181809.0,229453.0,253660.0,215677.0,91881.0,150620.0,39543.0,41823.0,73204.0,43993.0,18959.0,2015
Iowa,Female,52467.0,129805.0,135635.0,125266.0,98596.0,42834.0,57590.0,13956.0,13675.0,22746.0,13213.0,6767.0,2015
Kansas,Female,43442.0,113058.0,117910.0,109098.0,92282.0,34385.0,56697.0,10665.0,13007.0,21757.0,9262.0,4410.0,2015
Kentucky,Female,33941.0,110122.0,139008.0,158640.0,134231.0,56245.0,103343.0,25048.0,25510.0,46740.0,23360.0,10953.0,2015
Louisiana,Female,33509.0,110983.0,153997.0,166612.0,150873.0,58766.0,124270.0,21143.0,19155.0,55221.0,33857.0,12790.0,2015
Maine,Female,13417.0,38213.0,48569.0,51044.0,41143.0,19839.0,30529.0,8647.0,9179.0,21018.0,7897.0,4270.0,2015
Maryland,Female,21234.0,87861.0,151653.0,181706.0,181911.0,85958.0,202546.0,49620.0,70426.0,169228.0,134028.0,56425.0,2015
Massachusetts,Female,42090.0,148370.0,208229.0,226782.0,209484.0,88085.0,225363.0,46987.0,74978.0,153451.0,139723.0,50283.0,2015
Michigan,Female,66669.0,240234.0,317605.0,339793.0,318677.0,140692.0,242597.0,62026.0,70982.0,133363.0,66047.0,25995.0,2015
Minnesota,Female,46811.0,173510.0,198380.0,208269.0,200280.0,91275.0,157593.0,37550.0,46297.0,79716.0,38549.0,14267.0,2015
Mississippi,Female,16778.0,66417.0,100139.0,100792.0,86343.0,35991.0,69502.0,13040.0,15866.0,30769.0,18528.0,7171.0,2015
Missouri,Female,42925.0,162275.0,209642.0,224304.0,199427.0,90343.0,167982.0,37085.0,41083.0,81802.0,32503.0,16382.0,2015
Montana,Female,14945.0,40375.0,45801.0,43291.0,28466.0,7870.0,15234.0,2118.0,2774.0,5521.0,4040.0,1879.0,2015
Nebraska,Female,26331.0,81649.0,85275.0,78464.0,66682.0,24458.0,37965.0,6852.0,7876.0,13961.0,6730.0,3259.0,2015
Nevada,Female,12622.0,50859.0,75704.0,94534.0,112589.0,49492.0,99056.0,13924.0,17745.0,27038.0,12824.0,11140.0,2015
New Hampshire,Female,11939.0,37407.0,49134.0,44815.0,44711.0,18507.0,37220.0,9107.0,12034.0,22924.0,15903.0,6566.0,2015
New Jersey,Female,41300.0,164060.0,261403.0,263795.0,270431.0,126811.0,260752.0,59979.0,84266.0,167094.0,163214.0,73253.0,2015
New Mexico,Female,14504.0,57863.0,74236.0,73603.0,58263.0,20513.0,43986.0,6793.0,10412.0,16758.0,8101.0,4269.0,2015
New York,Female,88642.0,348009.0,478748.0,507561.0,535574.0,228654.0,599035.0,122068.0,221611.0,451581.0,486238.0,224268.0,2015
North Carolina,Female,52899.0,207607.0,321296.0,375236.0,327774.0,146018.0,253050.0,58991.0,56841.0,128688.0,64427.0,26638.0,2015
North Dakota,Female,15699.0,37850.0,38339.0,35082.0,20124.0,4845.0,8566.0,1380.0,2601.0,3460.0,2324.0,1243.0,2015
Ohio,Female,88354.0,300259.0,390282.0,425790.0,403330.0,190962.0,297132.0,77136.0,86097.0,132523.0,63781.0,27540.0,2015
Oklahoma,Female,35020.0,120490.0,135405.0,137227.0,117614.0,47136.0,89912.0,17369.0,16124.0,33631.0,16122.0,7268.0,2015
Oregon,Female,31655.0,104120.0,137005.0,133094.0,118590.0,53025.0,92620.0,19290.0,28647.0,51551.0,29772.0,12439.0,2015
Pennsylvania,Female,87552.0,290627.0,397996.0,421915.0,399645.0,180991.0,352288.0,84937.0,102799.0,217461.0,146505.0,55931.0,2015
Rhode Island,Female,5977.0,28537.0,38789.0,38130.0,42442.0,16211.0,27846.0,7005.0,8254.0,14220.0,7652.0,5122.0,2015
South Carolina,Female,29866.0,98139.0,151710.0,175083.0,155837.0,70221.0,136974.0,30005.0,30358.0,65857.0,34002.0,10178.0,2015
South Dakota,Female,14557.0,43079.0,36625.0,36262.0,26004.0,8458.0,11698.0,1801.0,3115.0,4779.0,2767.0,1192.0,2015
Tennessee,Female,36280.0,136744.0,199637.0,235961.0,217752.0,93985.0,173281.0,38968.0,47353.0,98166.0,52586.0,18087.0,2015
Texas,Female,142651.0,583505.0,814849.0,900335.0,794391.0,308504.0,771796.0,134432.0,186503.0,424748.0,261872.0,81817.0,2015
Utah,Female,28911.0,87340.0,101707.0,102218.0,94718.0,36009.0,55433.0,9351.0,9445.0,24242.0,12382.0,5075.0,2015
Vermont,Female,7309.0,18624.0,24581.0,24974.0,21896.0,8752.0,17352.0,4858.0,3820.0,9630.0,4014.0,1846.0,2015
Virginia,Female,39539.0,155746.0,245877.0,296389.0,283709.0,131636.0,249972.0,56553.0,76639.0,152593.0,115435.0,41881.0,2015
Washington,Female,45859.0,149546.0,196563.0,234805.0,209108.0,93385.0,182869.0,45769.0,58394.0,108193.0,81160.0,31796.0,2015
West Virginia,Female,13057.0,44652.0,54345.0,55858.0,50577.0,22593.0,33997.0,7690.0,7588.0,20005.0,10097.0,6102.0,2015
Wisconsin,Female,57008.0,198859.0,235361.0,230610.0,195675.0,93589.0,139973.0,36149.0,37861.0,65312.0,31272.0,14065.0,2015
Wyoming,Female,12509.0,30549.0,33218.0,19340.0,13402.0,3023.0,5897.0,979.0,1440.0,2593.0,2254.0,1624.0,2015
Puerto Rico,Female,9488.0,29929.0,54197.0,71371.0,67654.0,22840.0,75586.0,11299.0,22607.0,42545.0,44558.0,14574.0,2015
Alabama,Male,26734.0,95330.0,139908.0,158707.0,153389.0,69349.0,159006.0,30221.0,31740.0,90877.0,52308.0,24107.0,2016
Alaska,Male,16881.0,34015.0,35987.0,39600.0,27502.0,7448.0,11552.0,1347.0,2026.0,5796.0,6645.0,3886.0,2016
Arizona,Male,38997.0,133922.0,184474.0,230246.0,234685.0,109337.0,224574.0,45135.0,62663.0,126868.0,88921.0,35146.0,2016
Arkansas,Male,27838.0,85178.0,109880.0,110269.0,88551.0,34828.0,71653.0,15265.0,20826.0,39300.0,24883.0,11656.0,2016
California,Male,151493.0,638504.0,1084630.0,1288788.0,1302363.0,536636.0,1448983.0,256262.0,422892.0,858694.0,842539.0,441559.0,2016
Colorado,Male,41276.0,136363.0,174364.0,214089.0,215072.0,98512.0,210190.0,43730.0,54197.0,114960.0,79250.0,31012.0,2016
Connecticut,Male,20661.0,73431.0,123342.0,130333.0,130031.0,58113.0,115341.0,23581.0,37074.0,63633.0,60464.0,37147.0,2016
Delaware,Male,5403.0,13481.0,26567.0,33227.0,36024.0,14220.0,33756.0,5322.0,9557.0,15206.0,14397.0,7210.0,2016
District of Columbia,Male,1389.0,7011.0,12446.0,19554.0,23862.0,14514.0,30252.0,9672.0,10969.0,20879.0,13020.0,3539.0,2016
Florida,Male,76461.0,301858.0,513192.0,642876.0,702946.0,300659.0,777368.0,159278.0,197220.0,421059.0,306886.0,123960.0,2016
Georgia,Male,49596.0,164429.0,267192.0,318360.0,323901.0,134679.0,354897.0,79134.0,96244.0,241600.0,200448.0,85271.0,2016
Hawaii,Male,8861.0,33072.0,45264.0,53661.0,44871.0,21317.0,62549.0,9194.0,17624.0,33410.0,27756.0,10115.0,2016
Idaho,Male,20283.0,53899.0,68153.0,67841.0,56827.0,21510.0,43128.0,10076.0,8501.0,19596.0,11841.0,8688.0,2016
Illinois,Male,74551.0,246348.0,344747.0,381733.0,371840.0,182645.0,437526.0,108544.0,166892.0,348797.0,297907.0,98708.0,2016
Indiana,Male,49776.0,167495.0,233155.0,243273.0,232042.0,106576.0,197114.0,56507.0,59719.0,115788.0,74006.0,36610.0,2016
Iowa,Male,52032.0,129986.0,143468.0,134380.0,110875.0,49296.0,74871.0,17901.0,17854.0,33599.0,19918.0,12935.0,2016
Kansas,Male,41611.0,113900.0,121937.0,121248.0,113953.0,41964.0,75409.0,15017.0,17671.0,30894.0,20057.0,9942.0,2016
Kentucky,Male,35857.0,102362.0,137267.0,160455.0,146657.0,57732.0,130795.0,28766.0,29865.0,67652.0,46914.0,23329.0,2016
Louisiana,Male,32229.0,92446.0,142153.0,161232.0,140089.0,55575.0,146708.0,20427.0,28219.0,76515.0,59232.0,41929.0,2016
Maine,Male,14954.0,36741.0,45257.0,46084.0,37300.0,20514.0,38450.0,9383.0,11880.0,23814.0,16119.0,8358.0,2016
Maryland,Male,23224.0,76842.0,129372.0,177852.0,185696.0,89946.0,220785.0,55848.0,83872.0,195286.0,177311.0,72565.0,2016
Massachusetts,Male,36097.0,125115.0,185311.0,203815.0,211700.0,99332.0,250192.0,59903.0,83658.0,194565.0,174590.0,67065.0,2016
Michigan,Male,65951.0,213427.0,311425.0,351105.0,329214.0,159047.0,298399.0,75515.0,94985.0,188723.0,115013.0,54206.0,2016
Minnesota,Male,52808.0,165103.0,196931.0,212137.0,208693.0,101950.0,184520.0,46417.0,54627.0,96528.0,65558.0,29528.0,2016
Mississippi,Male,21289.0,65115.0,91246.0,94127.0,86992.0,37662.0,91345.0,13205.0,15307.0,42850.0,27134.0,22396.0,2016
Missouri,Male,51300.0,152712.0,192519.0,217767.0,206012.0,96286.0,198657.0,45099.0,53059.0,101874.0,60196.0,30485.0,2016
Montana,Male,20937.0,40627.0,53830.0,47019.0,29020.0,9008.0,17429.0,2842.0,4653.0,7579.0,6631.0,5161.0,2016
Nebraska,Male,33566.0,76999.0,86508.0,85552.0,78556.0,31593.0,49990.0,8040.0,8403.0,18498.0,9903.0,6929.0,2016
Nevada,Male,14358.0,51622.0,90266.0,116274.0,135442.0,62146.0,120502.0,18359.0,22667.0,32550.0,24230.0,15960.0,2016
New Hampshire,Male,13410.0,32546.0,41143.0,44737.0,46104.0,23285.0,42018.0,11401.0,15625.0,30548.0,27391.0,14817.0,2016
New Jersey,Male,43116.0,147980.0,229708.0,249025.0,272154.0,139341.0,288447.0,69092.0,108874.0,246131.0,265888.0,135036.0,2016
New Mexico,Male,13020.0,56042.0,69679.0,74159.0,70231.0,21738.0,52341.0,8208.0,12268.0,28406.0,19956.0,10878.0,2016
New York,Male,108681.0,300849.0,442389.0,513038.0,551968.0,242130.0,662498.0,144436.0,250051.0,515428.0,608659.0,283806.0,2016
North Carolina,Male,65304.0,208831.0,317008.0,372401.0,355334.0,155529.0,324198.0,80417.0,80786.0,177861.0,107852.0,54129.0,2016
North Dakota,Male,17858.0,36733.0,44114.0,47251.0,21636.0,6785.0,13281.0,1987.0,3637.0,7273.0,5751.0,4845.0,2016
Ohio,Male,91350.0,269315.0,364815.0,431156.0,424110.0,222352.0,353853.0,93808.0,99924.0,192999.0,115603.0,51640.0,2016
Oklahoma,Male,34194.0,111119.0,139809.0,152479.0,133210.0,55560.0,115068.0,22573.0,22775.0,49862.0,31121.0,18133.0,2016
Oregon,Male,30990.0,108629.0,139962.0,153384.0,132835.0,60479.0,120858.0,28330.0,35582.0,71385.0,46795.0,21094.0,2016
Pennsylvania,Male,92184.0,279064.0,366385.0,408533.0,397352.0,198961.0,385063.0,103301.0,136706.0,266877.0,217526.0,111221.0,2016
Rhode Island,Male,6087.0,21564.0,35744.0,39343.0,42924.0,17029.0,33050.0,9011.0,8927.0,17615.0,13593.0,8498.0,2016
South Carolina,Male,35795.0,96649.0,149542.0,174174.0,160115.0,73780.0,164853.0,37870.0,37567.0,91146.0,51101.0,26190.0,2016
South Dakota,Male,19816.0,47296.0,42324.0,35983.0,26049.0,10117.0,16657.0,2160.0,3382.0,5857.0,4289.0,4186.0,2016
Tennessee,Male,35435.0,128707.0,185212.0,238537.0,234367.0,108629.0,225911.0,50246.0,53245.0,130010.0,77773.0,33642.0,2016
Texas,Male,167969.0,547448.0,815244.0,976874.0,940156.0,402184.0,1045122.0,217264.0,272101.0,613952.0,467774.0,195873.0,2016
Utah,Male,24264.0,87985.0,125487.0,135814.0,116673.0,52196.0,92644.0,18631.0,25194.0,43493.0,30171.0,12556.0,2016
Vermont,Male,7155.0,19084.0,22265.0,23661.0,20483.0,8508.0,18697.0,4724.0,4394.0,11366.0,6480.0,3634.0,2016
Virginia,Male,53478.0,151147.0,221538.0,289347.0,296924.0,132710.0,312569.0,70226.0,94299.0,203603.0,175843.0,83463.0,2016
Washington,Male,47204.0,140863.0,208897.0,252423.0,244017.0,118008.0,248885.0,55599.0,78884.0,175462.0,132054.0,69686.0,2016
West Virginia,Male,13469.0,36592.0,49447.0,58610.0,41923.0,24124.0,44372.0,10377.0,13267.0,28955.0,24380.0,16801.0,2016
Wisconsin,Male,64752.0,186467.0,230673.0,239444.0,213602.0,97067.0,161891.0,44127.0,45077.0,87435.0,53972.0,29702.0,2016
Wyoming,Male,12008.0,30408.0,32933.0,27053.0,13283.0,5005.0,7505.0,928.0,3517.0,5613.0,4850.0,3617.0,2016
Puerto Rico,Male,12546.0,34601.0,56381.0,83412.0,75573.0,27525.0,84294.0,11397.0,21329.0,49025.0,50512.0,19189.0,2016
Alabama,Female,24629.0,100884.0,145330.0,172064.0,147850.0,65967.0,132004.0,27009.0,28247.0,64674.0,31463.0,12813.0,2016
Alaska,Female,12686.0,30715.0,28876.0,30108.0,22286.0,5188.0,9585.0,1303.0,1949.0,4026.0,3453.0,1172.0,2016
Arizona,Female,40090.0,140092.0,183314.0,202886.0,201313.0,89655.0,178284.0,41697.0,45444.0,94313.0,52625.0,18380.0,2016
Arkansas,Female,29784.0,87115.0,111983.0,105644.0,81470.0,32081.0,59151.0,11055.0,12514.0,32015.0,16132.0,5005.0,2016
California,Female,141826.0,650161.0,1034853.0,1180252.0,1088445.0,452953.0,1100712.0,205450.0,314519.0,634778.0,560504.0,243878.0,2016
Colorado,Female,34288.0,131842.0,170664.0,187794.0,176501.0,82072.0,160295.0,35189.0,45699.0,85207.0,48862.0,15508.0,2016
Connecticut,Female,24454.0,86709.0,133685.0,139822.0,126044.0,54677.0,96013.0,21863.0,27897.0,51511.0,36013.0,19966.0,2016
Delaware,Female,3683.0,16655.0,30696.0,32242.0,36260.0,16363.0,32999.0,4610.0,7734.0,13103.0,7672.0,3204.0,2016
District of Columbia,Female,2500.0,8315.0,13091.0,18291.0,25925.0,12812.0,33471.0,8612.0,12001.0,21622.0,13226.0,3470.0,2016
Florida,Female,65930.0,314755.0,521370.0,637039.0,648305.0,278857.0,642710.0,134782.0,168663.0,356123.0,206688.0,75761.0,2016
Georgia,Female,42832.0,186790.0,293365.0,333365.0,303808.0,123300.0,279982.0,63916.0,76746.0,199208.0,146040.0,52564.0,2016
Hawaii,Female,6000.0,30512.0,41653.0,41354.0,43108.0,16168.0,49058.0,7534.0,12571.0,26661.0,24350.0,7188.0,2016
Idaho,Female,19187.0,51472.0,60930.0,54886.0,45674.0,16691.0,32658.0,5884.0,7756.0,13129.0,6502.0,3977.0,2016
Illinois,Female,78526.0,281358.0,363725.0,378823.0,360283.0,167221.0,372553.0,89260.0,134403.0,262421.0,209882.0,68974.0,2016
Indiana,Female,48330.0,188378.0,231923.0,245087.0,221593.0,98478.0,160191.0,41281.0,44100.0,75601.0,43583.0,18459.0,2016
Iowa,Female,50841.0,128838.0,136223.0,119425.0,102654.0,44933.0,57604.0,15230.0,13875.0,23939.0,12018.0,5979.0,2016
Kansas,Female,38001.0,114477.0,117879.0,113060.0,94904.0,37057.0,56704.0,11741.0,11021.0,23152.0,10530.0,5676.0,2016
Kentucky,Female,28590.0,107207.0,152921.0,158468.0,140227.0,59626.0,104755.0,24863.0,25795.0,46537.0,26508.0,9139.0,2016
Louisiana,Female,28830.0,115550.0,159190.0,165633.0,153260.0,57905.0,111701.0,22433.0,25044.0,53672.0,33984.0,13935.0,2016
Maine,Female,14864.0,39955.0,47443.0,47743.0,39043.0,22468.0,33375.0,10723.0,7688.0,19724.0,9982.0,5329.0,2016
Maryland,Female,20172.0,91284.0,143440.0,186858.0,184893.0,92664.0,199315.0,56893.0,66944.0,165794.0,150521.0,53200.0,2016
Massachusetts,Female,38965.0,151925.0,207470.0,229549.0,219813.0,97456.0,224957.0,52765.0,76335.0,157122.0,132530.0,44618.0,2016
Michigan,Female,62705.0,245522.0,326842.0,352912.0,317372.0,144698.0,241370.0,57269.0,78123.0,129037.0,71966.0,27203.0,2016
Minnesota,Female,48117.0,172252.0,195786.0,208505.0,191920.0,97908.0,154203.0,38988.0,48532.0,77580.0,38536.0,14023.0,2016
Mississippi,Female,18338.0,69066.0,97861.0,102330.0,92153.0,34789.0,71631.0,15141.0,14567.0,36430.0,18130.0,8831.0,2016
Missouri,Female,48430.0,165397.0,195580.0,223770.0,202565.0,85134.0,173380.0,37804.0,42024.0,79538.0,39463.0,16225.0,2016
Montana,Female,18569.0,46283.0,47221.0,42742.0,27065.0,8740.0,15132.0,1838.0,2527.0,4580.0,3240.0,2057.0,2016
Nebraska,Female,30902.0,81721.0,83609.0,69976.0,65289.0,30656.0,36195.0,7965.0,6850.0,13265.0,6369.0,3848.0,2016
Nevada,Female,12334.0,47128.0,90217.0,106626.0,104674.0,49539.0,90743.0,16072.0,18268.0,32727.0,17106.0,8998.0,2016
New Hampshire,Female,14724.0,36433.0,49667.0,48593.0,41503.0,23742.0,37465.0,10425.0,13434.0,21781.0,13185.0,7440.0,2016
New Jersey,Female,40328.0,177044.0,247297.0,265382.0,263224.0,125114.0,252747.0,59806.0,87217.0,175273.0,172818.0,76487.0,2016
New Mexico,Female,15950.0,59471.0,73676.0,72587.0,60824.0,19973.0,43134.0,6756.0,8931.0,20937.0,10438.0,3665.0,2016
New York,Female,90274.0,332352.0,458405.0,526284.0,514248.0,237002.0,595738.0,122640.0,220608.0,465385.0,491844.0,212631.0,2016
North Carolina,Female,48457.0,205785.0,323439.0,378541.0,334431.0,156621.0,278536.0,58547.0,66643.0,133209.0,67612.0,24571.0,2016
North Dakota,Female,15473.0,37671.0,40621.0,34168.0,18063.0,5722.0,9664.0,1548.0,1312.0,4794.0,2356.0,2689.0,2016
Ohio,Female,88885.0,303277.0,384316.0,419667.0,409144.0,195119.0,291728.0,75508.0,85077.0,134883.0,70324.0,32789.0,2016
Oklahoma,Female,37086.0,116911.0,132609.0,136640.0,121657.0,48757.0,86441.0,15374.0,19369.0,31336.0,16163.0,7182.0,2016
Oregon,Female,35892.0,105787.0,132862.0,140476.0,115697.0,50949.0,94021.0,22312.0,26091.0,50454.0,35088.0,13758.0,2016
Pennsylvania,Female,80845.0,297002.0,386979.0,418129.0,395335.0,188286.0,342910.0,81991.0,111815.0,221780.0,143437.0,55929.0,2016
Rhode Island,Female,6063.0,24702.0,35257.0,41672.0,40427.0,18000.0,28201.0,7171.0,9208.0,12824.0,6560.0,5280.0,2016
South Carolina,Female,30932.0,97880.0,154903.0,180441.0,162972.0,68525.0,136902.0,32997.0,35394.0,77366.0,36513.0,12812.0,2016
South Dakota,Female,14382.0,44620.0,38041.0,35178.0,22424.0,8398.0,12501.0,1865.0,2786.0,4889.0,2249.0,946.0,2016
Tennessee,Female,34867.0,134552.0,199091.0,228753.0,212306.0,92685.0,183577.0,41694.0,43694.0,97501.0,54313.0,16058.0,2016
Texas,Female,153061.0,581859.0,793080.0,933377.0,803019.0,333806.0,762968.0,154566.0,198321.0,433422.0,266251.0,89194.0,2016
Utah,Female,24755.0,85357.0,98691.0,111658.0,90581.0,38140.0,60704.0,12147.0,14884.0,27888.0,12630.0,5629.0,2016
Vermont,Female,6173.0,19079.0,21698.0,25971.0,20840.0,8874.0,17466.0,5448.0,4531.0,8806.0,4384.0,2092.0,2016
Virginia,Female,41305.0,153583.0,245995.0,298706.0,274097.0,125214.0,267818.0,62687.0,76060.0,155703.0,111509.0,43839.0,2016
Washington,Female,41529.0,149584.0,197286.0,245105.0,212417.0,95220.0,189704.0,45882.0,59437.0,120561.0,91840.0,36164.0,2016
West Virginia,Female,14385.0,42987.0,57006.0,54190.0,49315.0,24015.0,36985.0,10356.0,9804.0,18221.0,11061.0,6197.0,2016
Wisconsin,Female,54204.0,199380.0,225019.0,221749.0,207263.0,89982.0,139812.0,36010.0,39235.0,67100.0,30760.0,14364.0,2016
Wyoming,Female,11358.0,29899.0,29466.0,22638.0,11392.0,3243.0,4370.0,914.0,1516.0,3369.0,2300.0,723.0,2016
Puerto Rico,Female,8384.0,32592.0,55462.0,71280.0,68776.0,27697.0,79985.0,12514.0,21203.0,43373.0,39361.0,13643.0,2016
Alabama,Male,25833.0,96174.0,134280.0,167013.0,155952.0,69864.0,155379.0,30661.0,33321.0,85457.0,54021.0,26581.0,2017
Alaska,Male,13774.0,34935.0,33776.0,30624.0,26531.0,8204.0,15131.0,2085.0,3095.0,6378.0,6305.0,5662.0,2017
Arizona,Male,37932.0,133755.0,190559.0,233450.0,236439.0,120359.0,250577.0,52043.0,71040.0,123550.0,83904.0,35344.0,2017
Arkansas,Male,28658.0,81646.0,109338.0,118391.0,85626.0,33680.0,74227.0,16517.0,18661.0,36792.0,28055.0,13057.0,2017
California,Male,157219.0,631761.0,1052602.0,1309556.0,1293480.0,578681.0,1481014.0,265579.0,432903.0,894523.0,881439.0,471946.0,2017
Colorado,Male,35445.0,121662.0,183320.0,205557.0,216182.0,95729.0,218814.0,49452.0,59738.0,129570.0,87470.0,36716.0,2017
Connecticut,Male,19255.0,71901.0,119270.0,127183.0,136748.0,55662.0,112579.0,26182.0,31908.0,64565.0,64615.0,37229.0,2017
Delaware,Male,5271.0,16100.0,27274.0,31095.0,35048.0,15679.0,29887.0,6667.0,9265.0,13929.0,14870.0,6251.0,2017
District of Columbia,Male,3234.0,5657.0,14096.0,21707.0,24656.0,12460.0,32599.0,9956.0,12874.0,19219.0,11004.0,3321.0,2017
Florida,Male,78767.0,303627.0,494711.0,632857.0,725499.0,311867.0,810058.0,162833.0,208392.0,469159.0,299437.0,129570.0,2017
Georgia,Male,47242.0,167341.0,271597.0,337100.0,327056.0,138794.0,364384.0,75241.0,93081.0,240147.0,214358.0,89902.0,2017
Hawaii,Male,7169.0,35372.0,51859.0,49416.0,51834.0,18418.0,61132.0,8619.0,14892.0,35106.0,22811.0,9157.0,2017
Idaho,Male,20194.0,52326.0,69490.0,69908.0,55063.0,24923.0,44387.0,7654.0,10789.0,20164.0,14979.0,10251.0,2017
Illinois,Male,84918.0,250412.0,338692.0,368567.0,368843.0,181697.0,442406.0,110473.0,160406.0,351395.0,306416.0,98811.0,2017
Indiana,Male,52145.0,165118.0,223042.0,251915.0,231880.0,114390.0,196288.0,56640.0,60769.0,116027.0,78623.0,35452.0,2017
Iowa,Male,49672.0,128684.0,145093.0,137767.0,111604.0,51882.0,70439.0,14835.0,16737.0,36275.0,19099.0,14465.0,2017
Kansas,Male,43434.0,109271.0,131099.0,136088.0,106375.0,41024.0,78724.0,15361.0,17509.0,29068.0,18023.0,12411.0,2017
Kentucky,Male,36838.0,103659.0,141993.0,163586.0,142446.0,71137.0,127716.0,26659.0,31947.0,69862.0,46146.0,23850.0,2017
Louisiana,Male,26881.0,90292.0,136068.0,162972.0,150665.0,53769.0,138114.0,24606.0,28694.0,82025.0,65870.0,40998.0,2017
Maine,Male,16438.0,38278.0,43045.0,42086.0,41641.0,19059.0,38201.0,10722.0,13266.0,25344.0,17080.0,8017.0,2017
Maryland,Male,21189.0,80010.0,125158.0,169451.0,182753.0,95983.0,230588.0,61502.0,80379.0,191670.0,184081.0,77830.0,2017
Massachusetts,Male,36024.0,121753.0,181299.0,203276.0,224696.0,98276.0,257202.0,61196.0,93528.0,191185.0,179351.0,61238.0,2017
Michigan,Male,71089.0,218205.0,309446.0,351452.0,345931.0,167085.0,293267.0,77074.0,101767.0,185324.0,121698.0,49828.0,2017
Minnesota,Male,50257.0,158500.0,203301.0,215910.0,211184.0,105693.0,189922.0,49072.0,54763.0,104761.0,64966.0,31260.0,2017
Mississippi,Male,19857.0,61576.0,89326.0,96986.0,85985.0,35205.0,89332.0,15271.0,20856.0,38775.0,33821.0,22989.0,2017
Missouri,Male,44613.0,156706.0,188611.0,227908.0,216207.0,95087.0,201703.0,46113.0,49516.0,105184.0,58335.0,33205.0,2017
Montana,Male,19103.0,47641.0,46215.0,48384.0,32385.0,8211.0,20740.0,2761.0,3585.0,7999.0,8631.0,5662.0,2017
Nebraska,Male,32003.0,82528.0,91500.0,92803.0,73397.0,31974.0,46941.0,8684.0,9610.0,20830.0,10963.0,5657.0,2017
Nevada,Male,15151.0,57341.0,88859.0,111932.0,133177.0,60169.0,133845.0,20474.0,25934.0,41254.0,25371.0,16012.0,2017
New Hampshire,Male,14178.0,31166.0,42464.0,46675.0,42370.0,24455.0,44210.0,12389.0,15111.0,32730.0,28691.0,15937.0,2017
New Jersey,Male,45562.0,144427.0,226921.0,262217.0,276251.0,129226.0,303842.0,70846.0,111151.0,238102.0,275918.0,141556.0,2017
New Mexico,Male,16284.0,50307.0,63601.0,76409.0,65406.0,26104.0,55619.0,10795.0,10339.0,26752.0,21967.0,10234.0,2017
New York,Male,109871.0,298596.0,449091.0,507349.0,548286.0,251928.0,660740.0,143623.0,248084.0,515340.0,633561.0,292050.0,2017
North Carolina,Male,66416.0,215445.0,309435.0,377464.0,353572.0,162912.0,329801.0,82449.0,83503.0,184914.0,112394.0,64803.0,2017
North Dakota,Male,17875.0,43371.0,48838.0,44385.0,20339.0,5977.0,12266.0,1757.0,2407.0,6607.0,6061.0,3985.0,2017
Ohio,Male,91534.0,270181.0,358895.0,424462.0,440547.0,225741.0,351524.0,95961.0,106264.0,191323.0,111897.0,55020.0,2017
Oklahoma,Male,33859.0,106631.0,143441.0,144818.0,142664.0,55505.0,115120.0,21813.0,22917.0,52928.0,30905.0,20671.0,2017
Oregon,Male,33507.0,105129.0,140457.0,158581.0,128975.0,54401.0,123892.0,24433.0,36511.0,77570.0,51518.0,25753.0,2017
Pennsylvania,Male,95711.0,263713.0,371641.0,419169.0,420796.0,197717.0,411088.0,99860.0,131627.0,282536.0,213120.0,106398.0,2017
Rhode Island,Male,5500.0,24522.0,38317.0,41216.0,38358.0,15005.0,35763.0,6798.0,11123.0,17453.0,16475.0,7093.0,2017
South Carolina,Male,38845.0,90603.0,142591.0,183508.0,178695.0,68973.0,170543.0,36546.0,36029.0,85489.0,52722.0,28371.0,2017
South Dakota,Male,17304.0,42424.0,44446.0,40832.0,28747.0,8874.0,14808.0,2972.0,3464.0,8289.0,5403.0,4036.0,2017
Tennessee,Male,36159.0,132176.0,197466.0,249064.0,233542.0,112752.0,225581.0,48404.0,52196.0,134093.0,78949.0,37579.0,2017
Texas,Male,161412.0,553920.0,828074.0,1013207.0,971416.0,409781.0,1045004.0,210025.0,283791.0,637098.0,495225.0,196696.0,2017
Utah,Male,23996.0,83731.0,119758.0,135462.0,121079.0,55283.0,102548.0,23071.0,24227.0,49589.0,29825.0,14225.0,2017
Vermont,Male,7384.0,20955.0,23808.0,21357.0,19041.0,8845.0,16548.0,5383.0,4585.0,10086.0,8498.0,3987.0,2017
Virginia,Male,49149.0,145123.0,230780.0,285991.0,277711.0,139163.0,319171.0,78668.0,90500.0,227959.0,170156.0,81256.0,2017
Washington,Male,46200.0,137706.0,213796.0,256645.0,257230.0,122334.0,261130.0,60468.0,88258.0,173259.0,146291.0,65270.0,2017
West Virginia,Male,15139.0,40743.0,42836.0,56279.0,46069.0,22016.0,40205.0,9669.0,14327.0,30152.0,28239.0,19659.0,2017
Wisconsin,Male,59715.0,180614.0,228437.0,245464.0,210648.0,99435.0,165222.0,47156.0,49221.0,92114.0,52557.0,30531.0,2017
Wyoming,Male,13385.0,29772.0,35720.0,22696.0,10281.0,3340.0,7952.0,1641.0,2765.0,6209.0,7026.0,4588.0,2017
Puerto Rico,Male,8425.0,30848.0,64734.0,77868.0,66647.0,27614.0,78579.0,12718.0,25966.0,37137.0,44833.0,18481.0,2017
Alabama,Female,29043.0,101883.0,139198.0,163372.0,153543.0,64726.0,128318.0,27091.0,25241.0,60713.0,34645.0,10438.0,2017
Alaska,Female,10061.0,27644.0,31587.0,27944.0,21324.0,7165.0,10306.0,946.0,1983.0,4781.0,2791.0,2266.0,2017
Arizona,Female,33152.0,140662.0,184859.0,202128.0,196813.0,102939.0,188869.0,40121.0,52119.0,105771.0,55586.0,20264.0,2017
Arkansas,Female,26536.0,84359.0,104998.0,105689.0,87883.0,32572.0,65268.0,12073.0,18076.0,34539.0,13649.0,4220.0,2017
California,Female,156580.0,626445.0,1034445.0,1175808.0,1134881.0,473070.0,1129891.0,205694.0,323798.0,678335.0,588781.0,249311.0,2017
Colorado,Female,32910.0,123820.0,175344.0,198445.0,183858.0,82197.0,164382.0,38861.0,43248.0,87285.0,56313.0,16557.0,2017
Connecticut,Female,21428.0,83986.0,125191.0,136698.0,137030.0,58490.0,101944.0,22160.0,29998.0,50623.0,33352.0,18829.0,2017
Delaware,Female,2565.0,13835.0,29674.0,34676.0,35757.0,14982.0,27796.0,4581.0,8507.0,12580.0,8206.0,4058.0,2017
District of Columbia,Female,1189.0,6649.0,12678.0,21449.0,24742.0,13637.0,34154.0,7640.0,13748.0,22186.0,13900.0,4958.0,2017
Florida,Female,74432.0,310071.0,507156.0,638480.0,661460.0,289302.0,673165.0,138066.0,183610.0,371613.0,231015.0,75428.0,2017
Georgia,Female,42032.0,171855.0,279305.0,342225.0,317229.0,135817.0,295564.0,69973.0,85129.0,196295.0,155215.0,49237.0,2017
Hawaii,Female,5282.0,30245.0,40628.0,45867.0,47028.0,15255.0,43444.0,6197.0,12934.0,26975.0,24985.0,8670.0,2017
Idaho,Female,15758.0,57002.0,63868.0,60840.0,44012.0,17638.0,33001.0,6936.0,7263.0,12829.0,6741.0,3977.0,2017
Illinois,Female,73311.0,276549.0,350978.0,379584.0,360680.0,173477.0,377215.0,93976.0,130580.0,273004.0,211711.0,66733.0,2017
Indiana,Female,50325.0,186608.0,225696.0,246123.0,212267.0,102070.0,164633.0,44985.0,43021.0,75153.0,41395.0,17850.0,2017
Iowa,Female,42049.0,137470.0,130522.0,118964.0,103331.0,44510.0,64351.0,13630.0,16485.0,28100.0,11811.0,8019.0,2017
Kansas,Female,41813.0,111565.0,116141.0,114803.0,86222.0,39024.0,56494.0,11774.0,14404.0,19337.0,8335.0,5043.0,2017
Kentucky,Female,31207.0,111503.0,151026.0,157935.0,137581.0,63586.0,99598.0,22488.0,23751.0,49871.0,25607.0,11776.0,2017
Louisiana,Female,26047.0,108279.0,154360.0,175127.0,137110.0,58917.0,129216.0,22487.0,24207.0,54357.0,34673.0,10868.0,2017
Maine,Female,15308.0,38904.0,44765.0,49160.0,45759.0,22387.0,36212.0,9242.0,10706.0,20176.0,9255.0,3936.0,2017
Maryland,Female,20691.0,89190.0,139168.0,179723.0,185615.0,86283.0,208935.0,56108.0,77729.0,162484.0,143232.0,62009.0,2017
Massachusetts,Female,38098.0,152103.0,206802.0,228671.0,207801.0,97471.0,219425.0,57357.0,72968.0,161889.0,138708.0,49506.0,2017
Michigan,Female,67381.0,251602.0,329254.0,341322.0,324345.0,156670.0,242352.0,59991.0,74618.0,128803.0,74544.0,26583.0,2017
Minnesota,Female,41114.0,165327.0,197640.0,216449.0,198856.0,95702.0,157766.0,39184.0,47205.0,80237.0,43381.0,15252.0,2017
Mississippi,Female,14992.0,70544.0,93319.0,91706.0,93089.0,39181.0,82764.0,14923.0,13112.0,36533.0,18240.0,8712.0,2017
Missouri,Female,44822.0,166668.0,190373.0,220052.0,203397.0,93537.0,170577.0,38056.0,48734.0,85624.0,33838.0,17269.0,2017
Montana,Female,17500.0,48930.0,45860.0,43191.0,27978.0,6471.0,18106.0,2903.0,2426.0,5076.0,3401.0,2212.0,2017
Nebraska,Female,29239.0,79765.0,82380.0,79091.0,65365.0,29555.0,38550.0,7514.0,7399.0,14050.0,6179.0,3786.0,2017
Nevada,Female,12321.0,53814.0,86480.0,106938.0,114892.0,51609.0,94438.0,19089.0,18572.0,31098.0,15202.0,8355.0,2017
New Hampshire,Female,11574.0,35651.0,43308.0,47697.0,48126.0,24684.0,38215.0,12336.0,11515.0,23891.0,13727.0,7093.0,2017
New Jersey,Female,41202.0,172423.0,248739.0,260702.0,285395.0,126123.0,256000.0,57736.0,90592.0,176041.0,180258.0,86701.0,2017
New Mexico,Female,17436.0,57379.0,68270.0,73806.0,57260.0,19747.0,43900.0,7583.0,8354.0,20129.0,10436.0,4327.0,2017
New York,Female,87599.0,327785.0,480678.0,528462.0,527351.0,240246.0,594482.0,130611.0,222260.0,470181.0,518812.0,230681.0,2017
North Carolina,Female,52500.0,206438.0,337019.0,382813.0,358636.0,159348.0,259161.0,70886.0,70092.0,139405.0,80264.0,29003.0,2017
North Dakota,Female,14615.0,37516.0,39170.0,36327.0,21900.0,5404.0,7093.0,1500.0,1999.0,3157.0,2075.0,1758.0,2017
Ohio,Female,89519.0,299719.0,392091.0,424478.0,403453.0,208803.0,303971.0,78128.0,79444.0,145616.0,65993.0,29335.0,2017
Oklahoma,Female,34380.0,114578.0,136613.0,141499.0,121070.0,47203.0,87717.0,16727.0,16560.0,37312.0,15566.0,9577.0,2017
Oregon,Female,29129.0,105646.0,139912.0,133581.0,132240.0,54681.0,99559.0,21259.0,28287.0,58171.0,32916.0,13240.0,2017
Pennsylvania,Female,85253.0,291709.0,377415.0,426257.0,391038.0,186922.0,351859.0,85189.0,119344.0,222070.0,147380.0,58165.0,2017
Rhode Island,Female,6105.0,25341.0,37055.0,39363.0,37620.0,18898.0,29645.0,8672.0,9702.0,14764.0,9110.0,4662.0,2017
South Carolina,Female,26960.0,98117.0,152384.0,200531.0,169199.0,68437.0,141858.0,29400.0,31212.0,71349.0,40762.0,11390.0,2017
South Dakota,Female,18203.0,39250.0,36852.0,33928.0,26063.0,7960.0,12675.0,2434.0,2976.0,5102.0,2778.0,1047.0,2017
Tennessee,Female,35606.0,138598.0,197723.0,241615.0,229515.0,101620.0,185980.0,37974.0,46484.0,98016.0,55819.0,22129.0,2017
Texas,Female,144087.0,576316.0,814122.0,926011.0,821870.0,355950.0,783689.0,151347.0,198072.0,453911.0,278440.0,79130.0,2017
Utah,Female,25034.0,87927.0,102987.0,111065.0,98780.0,42293.0,62569.0,12739.0,14137.0,25274.0,14047.0,5766.0,2017
Vermont,Female,5214.0,21532.0,21450.0,22898.0,22750.0,8282.0,18141.0,4770.0,4936.0,10180.0,4166.0,1546.0,2017
Virginia,Female,43701.0,166027.0,247659.0,290627.0,276938.0,130019.0,263576.0,58720.0,76479.0,160806.0,111646.0,47486.0,2017
Washington,Female,41607.0,150538.0,211975.0,229535.0,210576.0,100192.0,201871.0,46071.0,62906.0,131645.0,90112.0,35414.0,2017
West Virginia,Female,14419.0,39333.0,51554.0,58022.0,48323.0,19926.0,37155.0,8542.0,8991.0,19115.0,11744.0,6019.0,2017
Wisconsin,Female,52961.0,195817.0,224268.0,233427.0,202625.0,92016.0,138928.0,36854.0,40642.0,65652.0,34278.0,14836.0,2017
Wyoming,Female,10658.0,32590.0,30273.0,18096.0,10410.0,2609.0,4996.0,988.0,1917.0,2885.0,2897.0,678.0,2017
Puerto Rico,Female,8769.0,27405.0,56439.0,73136.0,70743.0,26356.0,72941.0,12465.0,22847.0,40431.0,40564.0,11494.0,2017
